USE `unidosisDev`;


--------------------------------------------------------------------------------
-- SEGURIDAD


LOCK TABLES `modulos` WRITE;
INSERT INTO `modulos` VALUES 
('47B773AA-5A90-11E7-B120-A434D9558D85','INICIO',1,0,'2017-06-26 16:55:45','CA952C2E-4D0D-11E7-802B-A434D9558D85',NULL,NULL),
('54E19EA8-5A90-11E7-B120-A434D9558D85','ADMINISTRACION',1,1,'2017-06-26 16:56:07','CA952C2E-4D0D-11E7-802B-A434D9558D85',NULL,NULL),
('5D314501-5A90-11E7-B120-A434D9558D85','INVENTARIOS',1,2,'2017-06-26 16:56:21','CA952C2E-4D0D-11E7-802B-A434D9558D85',NULL,NULL),
('6F2767F2-5A90-11E7-B120-A434D9558D85','CONSULTA',1,3,'2017-06-26 16:56:51','CA952C2E-4D0D-11E7-802B-A434D9558D85',NULL,NULL),
('754445C6-5A90-11E7-B120-A434D9558D85','FARMACIA',1,4,'2017-06-26 16:57:02','CA952C2E-4D0D-11E7-802B-A434D9558D85',NULL,NULL),
('CA952C2E-4D0D-11E7-802B-A434D9558D85','HOSPITALIZACION',1,5,'2017-06-09 08:21:49','CA952C2E-4D0D-11E7-802B-A434D9558D85',NULL,NULL);
UNLOCK TABLES;



LOCK TABLES `acciones` WRITE;
INSERT INTO `acciones` VALUES 
('000BEBFD-4D16-11E7-802B-A434D9558D85','CREAR','PERMISO PARA CREAR REGISTROS',1,'2017-06-09 08:17:34','CA952C2E-4D0D-11E7-802B-A434D9558D85',NULL,NULL),
('000C0030-4D16-11E7-802B-A434D9558D85','VER','PERMISO PARA CONSULTAR REGISTROS',1,'2017-06-09 08:17:34','CA952C2E-4D0D-11E7-802B-A434D9558D85',NULL,NULL),
('000C0245-4D16-11E7-802B-A434D9558D85','EDITAR','PERMISO PARA EDITAR REGISTROS',1,'2017-06-09 08:17:34','CA952C2E-4D0D-11E7-802B-A434D9558D85',NULL,NULL),
('000C0359-4D16-11E7-802B-A434D9558D85','ELIMINAR','PERMISO PARA ELIMINAR REGISTROS',1,'2017-06-09 08:17:34','CA952C2E-4D0D-11E7-802B-A434D9558D85',NULL,NULL),
('000C0456-4D16-11E7-802B-A434D9558D85','PROCESAR','PERMISO PARA PROCESAR REGISTROS',1,'2017-06-09 08:17:34','CA952C2E-4D0D-11E7-802B-A434D9558D85',NULL,NULL),
('000C0557-4D16-11E7-802B-A434D9558D85','AUTORIZAR','PERMISO PARA AUTORIZACIÓN DE PROCESOS',1,'2017-06-09 08:17:34','CA952C2E-4D0D-11E7-802B-A434D9558D85',NULL,NULL);
UNLOCK TABLES;



LOCK TABLES `transacciones` WRITE;
INSERT INTO `transacciones` VALUES 
('97D0A582-4D16-11E7-802B-A434D9558D85','Inicio','MÓDULO PRINCIPAL DE ACCESO GENERAL','/secure/inicio.xhtml','INICIO',1,'47B773AA-5A90-11E7-B120-A434D9558D85',1,'2017-06-09 08:21:49','CA952C2E-4D0D-11E7-802B-A434D9558D85',NULL,NULL),
('97D0BA5F-4D16-11E7-802B-A434D9558D85','Administracion','MÓDULO DE ADMINISTRACIÓN','/secure/administracion/admin.xhtml','ADMIN',1,'54E19EA8-5A90-11E7-B120-A434D9558D85',2,'2017-06-09 08:21:49','CA952C2E-4D0D-11E7-802B-A434D9558D85',NULL,NULL),
('97D0BCFF-4D16-11E7-802B-A434D9558D85','Inventarios','MÓDULO DE INVENTARIOS','/secure/inventarios/inventarios.xhtml','INVENT',1,'5D314501-5A90-11E7-B120-A434D9558D85',3,'2017-06-09 08:21:49','CA952C2E-4D0D-11E7-802B-A434D9558D85',NULL,NULL),
('d06b2173-5b08-11e7-bfef-a434d9558d85','Seguridad','Gestión de Roles y Permisos del Sistema','/secure/administracion/seguridad.xhtml','SECURE',1,'54E19EA8-5A90-11E7-B120-A434D9558D85',4,'2017-06-27 02:18:29','CA952C2E-4D0D-11E7-802B-A434D9558D85',NULL,NULL),
('97d43858-77de-11e7-b496-98e7f4f4e92a','Usuarios','Módulo de usuarios','/secure/administracion/usuarios.xhtml','USERS',1,'54E19EA8-5A90-11E7-B120-A434D9558D85',5,'2017-06-26 16:56:07','CA952C2E-4D0D-11E7-802B-A434D9558D85',null,null),
('2dd1331b-6871-11e7-9ae3-525400dd67aa','Medicamentos','Catálogo de Medicamentos','/secure/administracion/medicamentos.xhtml','MEDICIN',1,'54E19EA8-5A90-11E7-B120-A434D9558D85',6,'2017-06-09 08:21:49','CA952C2E-4D0D-11E7-802B-A434D9558D85',NULL,NULL),
('7d8fd175-6de3-11e7-9ae3-525400dd67aa','Prescripciones','Generación de Prescripciones','/secure/hospitalizacion/prescripcion.xhtml','PRESCR',1,'CA952C2E-4D0D-11E7-802B-A434D9558D85',7, '2017-06-09 08:21:49','CA952C2E-4D0D-11E7-802B-A434D9558D85',NULL,NULL),
('b5f9a112-6033-11e7-86a9-98e7f4f48bb3','Pacientes','Catálogo de pacientes','/secure/administracion/pacientes.xhtml','PACIENT',1,'54E19EA8-5A90-11E7-B120-A434D9558D85',8,'2017-07-03 16:08:06','CA952C2E-4D0D-11E7-802B-A434D9558D85',NULL,NULL);
UNLOCK TABLES;



LOCK TABLES `estructura` WRITE;
INSERT INTO `estructura` VALUES
( '980704e1-7136-11e7-9ae3-525400dd67aa', null, 'Hospital Motion', 'Hospital Motion', 1, 1, '2017-06-09 08:21:49', 'CA952C2E-4D0D-11E7-802B-A434D9558D85', NULL, NULL ),
( '79f5f5c7-71f9-11e7-9ae3-525400dd67aa', '980704e1-7136-11e7-9ae3-525400dd67aa', 'Cardiología', 'Cardiología', 1, 1, now(), 'CA952C2E-4D0D-11E7-802B-A434D9558D85', NULL, NULL ) ,
( 'a0fec795-71f9-11e7-9ae3-525400dd67aa', '79f5f5c7-71f9-11e7-9ae3-525400dd67aa', 'Cirugía', 'Cirugía en Cardiología', 1, 1, now(), 'CA952C2E-4D0D-11E7-802B-A434D9558D85', NULL, NULL );
UNLOCK TABLES;


LOCK TABLES `roles` WRITE;
INSERT INTO `roles` VALUES 
('50640EA0-4D0E-11E7-802B-A434D9558D85','TOTAL','TODOS LOS PERMISOS',1,'2017-06-09 07:22:33','CA952C2E-4D0D-11E7-802B-A434D9558D85',NULL,NULL),
('5064234D-4D0E-11E7-802B-A434D9558D85','INVITADO','NINGÚN PERMISOS',1,'2017-06-09 07:22:33','CA952C2E-4D0D-11E7-802B-A434D9558D85',NULL,NULL);
UNLOCK TABLES;



LOCK TABLES `transaccionAcciones` WRITE;
INSERT INTO `transaccionAcciones` VALUES 
('50640EA0-4D0E-11E7-802B-A434D9558D85','50640EA0-4D0E-11E7-802B-A434D9558D85','000BEBFD-4D16-11E7-802B-A434D9558D85','2017-06-09 08:29:04','CA952C2E-4D0D-11E7-802B-A434D9558D85',NULL,NULL),
('50640EA0-4D0E-11E7-802B-A434D9558D85','50640EA0-4D0E-11E7-802B-A434D9558D85','000C0030-4D16-11E7-802B-A434D9558D85','2017-06-09 08:29:04','CA952C2E-4D0D-11E7-802B-A434D9558D85',NULL,NULL),
('50640EA0-4D0E-11E7-802B-A434D9558D85','50640EA0-4D0E-11E7-802B-A434D9558D85','000C0245-4D16-11E7-802B-A434D9558D85','2017-06-09 08:29:04','CA952C2E-4D0D-11E7-802B-A434D9558D85',NULL,NULL),
('50640EA0-4D0E-11E7-802B-A434D9558D85','50640EA0-4D0E-11E7-802B-A434D9558D85','000C0359-4D16-11E7-802B-A434D9558D85','2017-06-09 08:29:04','CA952C2E-4D0D-11E7-802B-A434D9558D85',NULL,NULL),
('50640EA0-4D0E-11E7-802B-A434D9558D85','50640EA0-4D0E-11E7-802B-A434D9558D85','000C0456-4D16-11E7-802B-A434D9558D85','2017-06-09 08:29:04','CA952C2E-4D0D-11E7-802B-A434D9558D85',NULL,NULL),
('50640EA0-4D0E-11E7-802B-A434D9558D85','50640EA0-4D0E-11E7-802B-A434D9558D85','000C0557-4D16-11E7-802B-A434D9558D85','2017-06-09 08:29:04','CA952C2E-4D0D-11E7-802B-A434D9558D85',NULL,NULL),
('50640EA0-4D0E-11E7-802B-A434D9558D85','97D0BA5F-4D16-11E7-802B-A434D9558D85','000BEBFD-4D16-11E7-802B-A434D9558D85','2017-06-09 08:29:04','CA952C2E-4D0D-11E7-802B-A434D9558D85',NULL,NULL),
('50640EA0-4D0E-11E7-802B-A434D9558D85','97D0BA5F-4D16-11E7-802B-A434D9558D85','000C0030-4D16-11E7-802B-A434D9558D85','2017-06-09 08:29:04','CA952C2E-4D0D-11E7-802B-A434D9558D85',NULL,NULL),
('50640EA0-4D0E-11E7-802B-A434D9558D85','97D0BA5F-4D16-11E7-802B-A434D9558D85','000C0245-4D16-11E7-802B-A434D9558D85','2017-06-09 08:29:04','CA952C2E-4D0D-11E7-802B-A434D9558D85',NULL,NULL),
('50640EA0-4D0E-11E7-802B-A434D9558D85','97D0BA5F-4D16-11E7-802B-A434D9558D85','000C0359-4D16-11E7-802B-A434D9558D85','2017-06-09 08:29:04','CA952C2E-4D0D-11E7-802B-A434D9558D85',NULL,NULL),
('50640EA0-4D0E-11E7-802B-A434D9558D85','97D0BA5F-4D16-11E7-802B-A434D9558D85','000C0456-4D16-11E7-802B-A434D9558D85','2017-06-09 08:29:04','CA952C2E-4D0D-11E7-802B-A434D9558D85',NULL,NULL),
('50640EA0-4D0E-11E7-802B-A434D9558D85','97D0BA5F-4D16-11E7-802B-A434D9558D85','000C0557-4D16-11E7-802B-A434D9558D85','2017-06-09 08:29:04','CA952C2E-4D0D-11E7-802B-A434D9558D85',NULL,NULL),
('50640EA0-4D0E-11E7-802B-A434D9558D85','97D0BCFF-4D16-11E7-802B-A434D9558D85','000BEBFD-4D16-11E7-802B-A434D9558D85','2017-06-09 08:29:04','CA952C2E-4D0D-11E7-802B-A434D9558D85',NULL,NULL),
('50640EA0-4D0E-11E7-802B-A434D9558D85','97D0BCFF-4D16-11E7-802B-A434D9558D85','000C0030-4D16-11E7-802B-A434D9558D85','2017-06-09 08:29:04','CA952C2E-4D0D-11E7-802B-A434D9558D85',NULL,NULL),
('50640EA0-4D0E-11E7-802B-A434D9558D85','97D0BCFF-4D16-11E7-802B-A434D9558D85','000C0245-4D16-11E7-802B-A434D9558D85','2017-06-09 08:29:04','CA952C2E-4D0D-11E7-802B-A434D9558D85',NULL,NULL),
('50640EA0-4D0E-11E7-802B-A434D9558D85','97D0BCFF-4D16-11E7-802B-A434D9558D85','000C0359-4D16-11E7-802B-A434D9558D85','2017-06-09 08:29:04','CA952C2E-4D0D-11E7-802B-A434D9558D85',NULL,NULL),
('50640EA0-4D0E-11E7-802B-A434D9558D85','97D0BCFF-4D16-11E7-802B-A434D9558D85','000C0456-4D16-11E7-802B-A434D9558D85','2017-06-09 08:29:04','CA952C2E-4D0D-11E7-802B-A434D9558D85',NULL,NULL),
('50640EA0-4D0E-11E7-802B-A434D9558D85','97D0BCFF-4D16-11E7-802B-A434D9558D85','000C0557-4D16-11E7-802B-A434D9558D85','2017-06-09 08:29:04','CA952C2E-4D0D-11E7-802B-A434D9558D85',NULL,NULL),
('50640EA0-4D0E-11E7-802B-A434D9558D85','d06b2173-5b08-11e7-bfef-a434d9558d85','000BEBFD-4D16-11E7-802B-A434D9558D85','2017-06-27 02:23:24','CA952C2E-4D0D-11E7-802B-A434D9558D85',NULL,NULL),
('50640EA0-4D0E-11E7-802B-A434D9558D85','d06b2173-5b08-11e7-bfef-a434d9558d85','000C0245-4D16-11E7-802B-A434D9558D85','2017-06-27 02:23:58','CA952C2E-4D0D-11E7-802B-A434D9558D85',NULL,NULL),
('50640EA0-4D0E-11E7-802B-A434D9558D85','d06b2173-5b08-11e7-bfef-a434d9558d85','000C0359-4D16-11E7-802B-A434D9558D85','2017-06-27 02:24:06','CA952C2E-4D0D-11E7-802B-A434D9558D85',NULL,NULL),
('50640EA0-4D0E-11E7-802B-A434D9558D85','d06b2173-5b08-11e7-bfef-a434d9558d85','000C0456-4D16-11E7-802B-A434D9558D85','2017-06-27 02:24:13','CA952C2E-4D0D-11E7-802B-A434D9558D85',NULL,NULL),
('50640EA0-4D0E-11E7-802B-A434D9558D85','d06b2173-5b08-11e7-bfef-a434d9558d85','000C0557-4D16-11E7-802B-A434D9558D85','2017-06-27 02:24:22','CA952C2E-4D0D-11E7-802B-A434D9558D85',NULL,NULL),
('5064234D-4D0E-11E7-802B-A434D9558D85','50640EA0-4D0E-11E7-802B-A434D9558D85','000BEBFD-4D16-11E7-802B-A434D9558D85','2017-06-09 08:29:04','CA952C2E-4D0D-11E7-802B-A434D9558D85',NULL,NULL),
('5064234D-4D0E-11E7-802B-A434D9558D85','50640EA0-4D0E-11E7-802B-A434D9558D85','000C0030-4D16-11E7-802B-A434D9558D85','2017-06-09 08:29:04','CA952C2E-4D0D-11E7-802B-A434D9558D85',NULL,NULL),
('5064234D-4D0E-11E7-802B-A434D9558D85','50640EA0-4D0E-11E7-802B-A434D9558D85','000C0245-4D16-11E7-802B-A434D9558D85','2017-06-09 08:29:04','CA952C2E-4D0D-11E7-802B-A434D9558D85',NULL,NULL),
('5064234D-4D0E-11E7-802B-A434D9558D85','50640EA0-4D0E-11E7-802B-A434D9558D85','000C0359-4D16-11E7-802B-A434D9558D85','2017-06-09 08:29:04','CA952C2E-4D0D-11E7-802B-A434D9558D85',NULL,NULL),
('5064234D-4D0E-11E7-802B-A434D9558D85','50640EA0-4D0E-11E7-802B-A434D9558D85','000C0456-4D16-11E7-802B-A434D9558D85','2017-06-09 08:29:04','CA952C2E-4D0D-11E7-802B-A434D9558D85',NULL,NULL),
('5064234D-4D0E-11E7-802B-A434D9558D85','50640EA0-4D0E-11E7-802B-A434D9558D85','000C0557-4D16-11E7-802B-A434D9558D85','2017-06-09 08:29:04','CA952C2E-4D0D-11E7-802B-A434D9558D85',NULL,NULL),
('50640EA0-4D0E-11E7-802B-A434D9558D85','b5f9a112-6033-11e7-86a9-98e7f4f48bb3','000BEBFD-4D16-11E7-802B-A434D9558D85','2017-06-09 08:29:04','CA952C2E-4D0D-11E7-802B-A434D9558D85',NULL,NULL),
('50640EA0-4D0E-11E7-802B-A434D9558D85','b5f9a112-6033-11e7-86a9-98e7f4f48bb3','000C0030-4D16-11E7-802B-A434D9558D85','2017-06-09 08:29:04','CA952C2E-4D0D-11E7-802B-A434D9558D85',NULL,NULL),
('50640EA0-4D0E-11E7-802B-A434D9558D85','b5f9a112-6033-11e7-86a9-98e7f4f48bb3','000C0245-4D16-11E7-802B-A434D9558D85','2017-06-09 08:29:04','CA952C2E-4D0D-11E7-802B-A434D9558D85',NULL,NULL),
('50640EA0-4D0E-11E7-802B-A434D9558D85','b5f9a112-6033-11e7-86a9-98e7f4f48bb3','000C0359-4D16-11E7-802B-A434D9558D85','2017-06-09 08:29:04','CA952C2E-4D0D-11E7-802B-A434D9558D85',NULL,NULL),
('50640EA0-4D0E-11E7-802B-A434D9558D85','b5f9a112-6033-11e7-86a9-98e7f4f48bb3','000C0456-4D16-11E7-802B-A434D9558D85','2017-06-09 08:29:04','CA952C2E-4D0D-11E7-802B-A434D9558D85',NULL,NULL),
('50640EA0-4D0E-11E7-802B-A434D9558D85','b5f9a112-6033-11e7-86a9-98e7f4f48bb3','000C0557-4D16-11E7-802B-A434D9558D85','2017-06-09 08:29:04','CA952C2E-4D0D-11E7-802B-A434D9558D85',NULL,NULL),
('50640EA0-4D0E-11E7-802B-A434D9558D85','97d43858-77de-11e7-b496-98e7f4f4e92a','000BEBFD-4D16-11E7-802B-A434D9558D85','2017-08-03 10:48:12','CA952C2E-4D0D-11E7-802B-A434D9558D85',null,null),
('50640EA0-4D0E-11E7-802B-A434D9558D85','97d43858-77de-11e7-b496-98e7f4f4e92a','000C0030-4D16-11E7-802B-A434D9558D85','2017-08-03 10:48:12','CA952C2E-4D0D-11E7-802B-A434D9558D85',null,null),
('50640EA0-4D0E-11E7-802B-A434D9558D85','97d43858-77de-11e7-b496-98e7f4f4e92a','000C0245-4D16-11E7-802B-A434D9558D85','2017-08-03 10:48:12','CA952C2E-4D0D-11E7-802B-A434D9558D85',null,null),
('50640EA0-4D0E-11E7-802B-A434D9558D85','97d43858-77de-11e7-b496-98e7f4f4e92a','000C0359-4D16-11E7-802B-A434D9558D85','2017-08-03 10:48:12','CA952C2E-4D0D-11E7-802B-A434D9558D85',null,null),
('50640EA0-4D0E-11E7-802B-A434D9558D85','97d43858-77de-11e7-b496-98e7f4f4e92a','000C0456-4D16-11E7-802B-A434D9558D85','2017-08-03 10:48:12','CA952C2E-4D0D-11E7-802B-A434D9558D85',null,null),
('50640EA0-4D0E-11E7-802B-A434D9558D85','97d43858-77de-11e7-b496-98e7f4f4e92a','000C0557-4D16-11E7-802B-A434D9558D85','2017-08-03 10:48:12','CA952C2E-4D0D-11E7-802B-A434D9558D85',null,null),
('50640EA0-4D0E-11E7-802B-A434D9558D85','2dd1331b-6871-11e7-9ae3-525400dd67aa','000BEBFD-4D16-11E7-802B-A434D9558D85','2017-06-09 08:21:49','CA952C2E-4D0D-11E7-802B-A434D9558D85',NULL,NULL),
('50640EA0-4D0E-11E7-802B-A434D9558D85','2dd1331b-6871-11e7-9ae3-525400dd67aa','000C0030-4D16-11E7-802B-A434D9558D85','2017-06-09 08:21:49','CA952C2E-4D0D-11E7-802B-A434D9558D85',NULL,NULL),
('50640EA0-4D0E-11E7-802B-A434D9558D85','2dd1331b-6871-11e7-9ae3-525400dd67aa','000C0245-4D16-11E7-802B-A434D9558D85','2017-06-09 08:21:49','CA952C2E-4D0D-11E7-802B-A434D9558D85',NULL,NULL),
('50640EA0-4D0E-11E7-802B-A434D9558D85','2dd1331b-6871-11e7-9ae3-525400dd67aa','000C0359-4D16-11E7-802B-A434D9558D85','2017-06-09 08:21:49','CA952C2E-4D0D-11E7-802B-A434D9558D85',NULL,NULL),
('50640EA0-4D0E-11E7-802B-A434D9558D85','2dd1331b-6871-11e7-9ae3-525400dd67aa','000C0456-4D16-11E7-802B-A434D9558D85','2017-06-09 08:21:49','CA952C2E-4D0D-11E7-802B-A434D9558D85',NULL,NULL),
('50640EA0-4D0E-11E7-802B-A434D9558D85','2dd1331b-6871-11e7-9ae3-525400dd67aa','000C0557-4D16-11E7-802B-A434D9558D85','2017-06-09 08:21:49','CA952C2E-4D0D-11E7-802B-A434D9558D85',NULL,NULL);
UNLOCK TABLES;

LOCK TABLES `usuariosRoles` WRITE;
INSERT INTO `usuariosRoles` VALUES 
('CA952C2E-4D0D-11E7-802B-A434D9558D85','50640EA0-4D0E-11E7-802B-A434D9558D85','2017-06-09 08:13:10','CA952C2E-4D0D-11E7-802B-A434D9558D85',NULL,NULL),
('CA954146-4D0D-11E7-802B-A434D9558D85','5064234D-4D0E-11E7-802B-A434D9558D85','2017-06-09 08:13:10','CA952C2E-4D0D-11E7-802B-A434D9558D85',NULL,NULL);
UNLOCK TABLES;



INSERT INTO `pais` VALUES (1,'Afganistán','AF','AFG',93,1),
(2,'Albania','AL','ALB',355,1),
(3,'Alemania','DE','DEU',49,1),
(4,'Algeria','DZ','DZA',213,1),
(5,'Andorra','AD','AND',376,1),
(6,'Angola','AO','AGO',244,1),
(7,'Anguila','AI','AIA',1264,1),
(8,'Antártida','AQ','ATA',672,1),
(9,'Antigua y Barbuda','AG','ATG',1268,1),
(10,'Antillas Neerlandesas','AN','ANT',599,1),
(11,'Arabia Saudita','SA','SAU',966,1),
(12,'Argentina','AR','ARG',54,1),
(13,'Armenia','AM','ARM',374,1),
(14,'Aruba','AW','ABW',297,1),
(15,'Australia','AU','AUS',61,1),
(16,'Austria','AT','AUT',43,1),
(17,'Azerbayán','AZ','AZE',994,1),
(18,'Bélgica','BE','BEL',32,1),
(19,'Bahamas','BS','BHS',1242,1),
(20,'Bahrein','BH','BHR',973,1),
(21,'Bangladesh','BD','BGD',880,1),
(22,'Barbados','BB','BRB',1246,1),
(23,'Belice','BZ','BLZ',501,1),
(24,'Benín','BJ','BEN',229,1),
(25,'Bhután','BT','BTN',975,1),
(26,'Bielorrusia','BY','BLR',375,1),
(27,'Birmania','MM','MMR',95,1),
(28,'Bolivia','BO','BOL',591,1),
(29,'Bosnia y Herzegovina','BA','BIH',387,1),
(30,'Botsuana','BW','BWA',267,1),
(31,'Brasil','BR','BRA',55,1),
(32,'Brunéi','BN','BRN',673,1),
(33,'Bulgaria','BG','BGR',359,1),
(34,'Burkina Faso','BF','BFA',226,1),
(35,'Burundi','BI','BDI',257,1),
(36,'Cabo Verde','CV','CPV',238,1),
(37,'Camboya','KH','KHM',855,1),
(38,'Camerún','CM','CMR',237,1),
(39,'Canadá','CA','CAN',1,1),
(40,'Chad','TD','TCD',235,1),
(41,'Chile','CL','CHL',56,1),
(42,'China','CN','CHN',86,1),
(43,'Chipre','CY','CYP',357,1),
(44,'Ciudad del Vaticano','VA','VAT',39,1),
(45,'Colombia','CO','COL',57,1),
(46,'Comoras','KM','COM',269,1),
(47,'Congo','CG','COG',242,1),
(48,'Congo','CD','COD',243,1),
(49,'Corea del Norte','KP','PRK',850,1),
(50,'Corea del Sur','KR','KOR',82,1),
(51,'Costa de Marfil','CI','CIV',225,1),
(52,'Costa Rica','CR','CRI',506,1),
(53,'Croacia','HR','HRV',385,1),
(54,'Cuba','CU','CUB',53,1),
(55,'Dinamarca','DK','DNK',45,1),
(56,'Dominica','DM','DMA',1767,1),
(57,'Ecuador','EC','ECU',593,1),
(58,'Egipto','EG','EGY',20,1),
(59,'El Salvador','SV','SLV',503,1),
(60,'Emiratos Árabes Unidos','AE','ARE',971,1),
(61,'Eritrea','ER','ERI',291,1),
(62,'Eslovaquia','SK','SVK',421,1),
(63,'Eslovenia','SI','SVN',386,1),
(64,'España','ES','ESP',34,1),
(65,'Estados Unidos de América','US','USA',1,1),
(66,'Estonia','EE','EST',372,1),
(67,'Etiopía','ET','ETH',251,1),
(68,'Filipinas','PH','PHL',63,1),
(69,'Finlandia','FI','FIN',358,1),
(70,'Fiyi','FJ','FJI',679,1),
(71,'Francia','FR','FRA',33,1),
(72,'Gabón','GA','GAB',241,1),
(73,'Gambia','GM','GMB',220,1),
(74,'Georgia','GE','GEO',995,1),
(75,'Ghana','GH','GHA',233,1),
(76,'Gibraltar','GI','GIB',350,1),
(77,'Granada','GD','GRD',1473,1),
(78,'Grecia','GR','GRC',30,1),
(79,'Groenlandia','GL','GRL',299,1),
(80,'Guadalupe','GP','GLP',null,1),
(81,'Guam','GU','GUM',1671,1),
(82,'Guatemala','GT','GTM',502,1),
(83,'Guayana Francesa','GF','GUF',null,1),
(84,'Guernsey','GG','GGY',null,1),
(85,'Guinea','GN','GIN',224,1),
(86,'Guinea Ecuatorial','GQ','GNQ',240,1),
(87,'Guinea-Bissau','GW','GNB',245,1),
(88,'Guyana','GY','GUY',592,1),
(89,'Haití','HT','HTI',509,1),
(90,'Honduras','HN','HND',504,1),
(91,'Hong kong','HK','HKG',852,1),
(92,'Hungría','HU','HUN',36,1),
(93,'India','IN','IND',91,1),
(94,'Indonesia','ID','IDN',62,1),
(95,'Irán','IR','IRN',98,1),
(96,'Irak','IQ','IRQ',964,1),
(97,'Irlanda','IE','IRL',353,1),
(98,'Isla Bouvet','BV','BVT',null,1),
(99,'Isla de Man','IM','IMN',44,1),
(100,'Isla de Navidad','CX','CXR',61,1),
(101,'Isla Norfolk','NF','NFK',null,1),
(102,'Islandia','IS','ISL',354,1),
(103,'Islas Bermudas','BM','BMU',1441,1),
(104,'Islas Caimán','KY','CYM',1345,1),
(105,'Islas Cocos (Keeling)','CC','CCK',61,1),
(106,'Islas Cook','CK','COK',682,1),
(107,'Islas de Åland','AX','ALA',null,1),
(108,'Islas Feroe','FO','FRO',298,1),
(109,'Islas Georgias del Sur y Sandwich del Sur','GS','SGS',null,1),
(110,'Islas Heard y McDonald','HM','HMD',null,1),
(111,'Islas Maldivas','MV','MDV',960,1),
(112,'Islas Malvinas','FK','FLK',500,1),
(113,'Islas Marianas del Norte','MP','MNP',1670,1),
(114,'Islas Marshall','MH','MHL',692,1),
(115,'Islas Pitcairn','PN','PCN',870,1),
(116,'Islas Salomón','SB','SLB',677,1),
(117,'Islas Turcas y Caicos','TC','TCA',1649,1),
(118,'Islas Ultramarinas Menores de Estados Unidos','UM','UMI',null,1),
(119,'Islas Vírgenes Británicas','VG','VG',1284,1),
(120,'Islas Vírgenes de los Estados Unidos','VI','VIR',1340,1),
(121,'Israel','IL','ISR',972,1),
(122,'Italia','IT','ITA',39,1),
(123,'Jamaica','JM','JAM',1876,1),
(124,'Japón','JP','JPN',81,1),
(125,'Jersey','JE','JEY',null,1),
(126,'Jordania','JO','JOR',962,1),
(127,'Kazajistán','KZ','KAZ',7,1),
(128,'Kenia','KE','KEN',254,1),
(129,'Kirgizstán','KG','KGZ',996,1),
(130,'Kiribati','KI','KIR',686,1),
(131,'Kuwait','KW','KWT',965,1),
(132,'Líbano','LB','LBN',961,1),
(133,'Laos','LA','LAO',856,1),
(134,'Lesoto','LS','LSO',266,1),
(135,'Letonia','LV','LVA',371,1),
(136,'Liberia','LR','LBR',231,1),
(137,'Libia','LY','LBY',218,1),
(138,'Liechtenstein','LI','LIE',423,1),
(139,'Lituania','LT','LTU',370,1),
(140,'Luxemburgo','LU','LUX',352,1),
(141,'México','MX','MEX',52,1),
(142,'Mónaco','MC','MCO',377,1),
(143,'Macao','MO','MAC',853,1),
(144,'Macedônia','MK','MKD',389,1),
(145,'Madagascar','MG','MDG',261,1),
(146,'Malasia','MY','MYS',60,1),
(147,'Malawi','MW','MWI',265,1),
(148,'Mali','ML','MLI',223,1),
(149,'Malta','MT','MLT',356,1),
(150,'Marruecos','MA','MAR',212,1),
(151,'Martinica','MQ','MTQ',null,1),
(152,'Mauricio','MU','MUS',230,1),
(153,'Mauritania','MR','MRT',222,1),
(154,'Mayotte','YT','MYT',262,1),
(155,'Micronesia','FM','FSM',691,1),
(156,'Moldavia','MD','MDA',373,1),
(157,'Mongolia','MN','MNG',976,1),
(158,'Montenegro','ME','MNE',382,1),
(159,'Montserrat','MS','MSR',1664,1),
(160,'Mozambique','MZ','MOZ',258,1),
(161,'Namibia','NA','NAM',264,1),
(162,'Nauru','NR','NRU',674,1),
(163,'Nepal','NP','NPL',977,1),
(164,'Nicaragua','NI','NIC',505,1),
(165,'Niger','NE','NER',227,1),
(166,'Nigeria','NG','NGA',234,1),
(167,'Niue','NU','NIU',683,1),
(168,'Noruega','NO','NOR',47,1),
(169,'Nueva Caledonia','NC','NCL',687,1),
(170,'Nueva Zelanda','NZ','NZL',64,1),
(171,'Omán','OM','OMN',968,1),
(172,'Países Bajos','NL','NLD',31,1),
(173,'Pakistán','PK','PAK',92,1),
(174,'Palau','PW','PLW',680,1),
(175,'Palestina','PS','PSE',null,1),
(176,'Panamá','PA','PAN',507,1),
(177,'Papúa Nueva Guinea','PG','PNG',675,1),
(178,'Paraguay','PY','PRY',595,1),
(179,'Perú','PE','PER',51,1),
(180,'Polinesia Francesa','PF','PYF',689,1),
(181,'Polonia','PL','POL',48,1),
(182,'Portugal','PT','PRT',351,1),
(183,'Puerto Rico','PR','PRI',1,1),
(184,'Qatar','QA','QAT',974,1),
(185,'Reino Unido','GB','GBR',44,1),
(186,'República Centroafricana','CF','CAF',236,1),
(187,'República Checa','CZ','CZE',420,1),
(188,'República Dominicana','DO','DOM',1809,1),
(189,'Reunión','RE','REU',null,1),
(190,'Ruanda','RW','RWA',250,1),
(191,'Rumanía','RO','ROU',40,1),
(192,'Rusia','RU','RUS',7,1),
(193,'Sahara Occidental','EH','ESH',null,1),
(194,'Samoa','WS','WSM',685,1),
(195,'Samoa Americana','AS','ASM',1684,1),
(196,'San Bartolomé','BL','BLM',590,1),
(197,'San Cristóbal y Nieves','KN','KNA',1869,1),
(198,'San Marino','SM','SMR',378,1),
(199,'San Martín (Francia)','MF','MAF',1599,1),
(200,'San Pedro y Miquelón','PM','SPM',508,1),
(201,'San Vicente y las Granadinas','VC','VCT',1784,1),
(202,'Santa Elena','SH','SHN',290,1),
(203,'Santa Lucía','LC','LCA',1758,1),
(204,'Santo Tomé y Príncipe','ST','STP',239,1),
(205,'Senegal','SN','SEN',221,1),
(206,'Serbia','RS','SRB',381,1),
(207,'Seychelles','SC','SYC',248,1),
(208,'Sierra Leona','SL','SLE',232,1),
(209,'Singapur','SG','SGP',65,1),
(210,'Siria','SY','SYR',963,1),
(211,'Somalia','SO','SOM',252,1),
(212,'Sri lanka','LK','LKA',94,1),
(213,'Sudáfrica','ZA','ZAF',27,1),
(214,'Sudán','SD','SDN',249,1),
(215,'Suecia','SE','SWE',46,1),
(216,'Suiza','CH','CHE',41,1),
(217,'Surinám','SR','SUR',597,1),
(218,'Svalbard y Jan Mayen','SJ','SJM',null,1),
(219,'Swazilandia','SZ','SWZ',268,1),
(220,'Tadjikistán','TJ','TJK',992,1),
(221,'Tailandia','TH','THA',66,1),
(222,'Taiwán','TW','TWN',886,1),
(223,'Tanzania','TZ','TZA',255,1),
(224,'Territorio Británico del Océano Índico','IO','IOT',null,1),
(225,'Territorios Australes y Antárticas Franceses','TF','ATF',null,1),
(226,'Timor Oriental','TL','TLS',670,1),
(227,'Togo','TG','TGO',228,1),
(228,'Tokelau','TK','TKL',690,1),
(229,'Tonga','TO','TON',676,1),
(230,'Trinidad y Tobago','TT','TTO',1868,1),
(231,'Tunez','TN','TUN',216,1),
(232,'Turkmenistán','TM','TKM',993,1),
(233,'Turquía','TR','TUR',90,1),
(234,'Tuvalu','TV','TUV',688,1),
(235,'Ucrania','UA','UKR',380,1),
(236,'Uganda','UG','UGA',256,1),
(237,'Uruguay','UY','URY',598,1),
(238,'Uzbekistán','UZ','UZB',998,1),
(239,'Vanuatu','VU','VUT',678,1),
(240,'Venezuela','VE','VEN',58,1),
(241,'Vietnam','VN','VNM',84,1),
(242,'Wallis y Futuna','WF','WLF',681,1),
(243,'Yemen','YE','YEM',967,1),
(244,'Yibuti','DJ','DJI',253,1),
(245,'Zambia','ZM','ZMB',260,1),
(246,'Zimbabue','ZW','ZWE',263,1);

--------------------------------------------------------------------------------
-- USUARIOS


LOCK TABLES `usuarios` WRITE;
INSERT INTO `usuarios` VALUES 
('CA952C2E-4D0D-11E7-802B-A434D9558D85','SUPERADMIN','ee10c315eba2c75b403ea99136f5b48d','CERVANETS@GMAIL.COM','SUPERADMIN','','',1,0,'2017-06-09 07:18:48','2017-09-07 07:18:48','2017-06-09 07:18:48','','Unidad Hospitalaria/Especialidad 0/Servicios 0.0','2017-06-09 07:18:48','CA952C2E-4D0D-11E7-802B-A434D9558D85',NULL,NULL),
('CA954146-4D0D-11E7-802B-A434D9558D85','ADMIN','ee10c315eba2c75b403ea99136f5b48d','CARTEROELECT@GMAIL.COM','ADMIN','','',1,0,'2017-06-09 07:18:48','2017-09-07 07:18:48','2017-06-09 07:18:48','','Unidad Hospitalaria/Especialidad 1','2017-06-09 07:18:48','CA952C2E-4D0D-11E7-802B-A434D9558D85',NULL,NULL);
UNLOCK TABLES;



--------------------------------------------------------------------------------
-- MEDICAMENTOS

LOCK TABLES `grupoCatalogoGeneral` WRITE;
INSERT INTO `grupoCatalogoGeneral` VALUES 
(1,'Tipo de paciente',NULL),
(2,'Unidad Medica',NULL),
(3,'Estado civil',NULL),
(4,'Escolaridad',NULL),
(5,'Ocupación ',NULL),
(6,'Grupo Étnico',NULL),
(7,'Religión',NULL),
(8,'Grupo Sanguíneo',NULL),
(9,'Nivel Socioeconómico',NULL),
(10,'Tipo de vivienda',NULL),
(11,'TipoParentesco',NULL),
(12,'Tipo de Insumos', null);
UNLOCK TABLES;




LOCK TABLES `catalogoGeneral` WRITE;
INSERT INTO `catalogoGeneral` (`idCatalogoGeneral`,`nombreCatalogo`,`estatus`,`insertIdUsuario`,`insertFecha`,`updateIdUsuario`,`updateFecha`,`idGrupo`) VALUES 
(1,'Paciente Particular',1,'CA952C2E-4D0D-11E7-802B-A434D9558D85','2017-07-12 00:00:00',NULL,NULL,1),
(2,'Seguro popular',1,'CA952C2E-4D0D-11E7-802B-A434D9558D85','2017-07-12 00:00:00',NULL,NULL,1),
(3,'Población abierta',1,'CA952C2E-4D0D-11E7-802B-A434D9558D85','2017-07-12 00:00:00',NULL,NULL,1),
(4,'IMSS',1,'CA952C2E-4D0D-11E7-802B-A434D9558D85','2017-07-12 00:00:00',NULL,NULL,2),
(5,'ISSSTE',1,'CA952C2E-4D0D-11E7-802B-A434D9558D85','2017-07-12 00:00:00',NULL,NULL,2),
(6,'PEMEX',1,'CA952C2E-4D0D-11E7-802B-A434D9558D85','2017-07-12 00:00:00',NULL,NULL,2),
(7,'Soltero',1,'CA952C2E-4D0D-11E7-802B-A434D9558D85','2017-07-12 00:00:00',NULL,NULL,3),
(8,'Casado',1,'CA952C2E-4D0D-11E7-802B-A434D9558D85','2017-07-12 00:00:00',NULL,NULL,3),
(9,'Divorciado',1,'CA952C2E-4D0D-11E7-802B-A434D9558D85','2017-07-12 00:00:00',NULL,NULL,3),
(10,'Viudo',1,'CA952C2E-4D0D-11E7-802B-A434D9558D85','2017-07-12 00:00:00',NULL,NULL,3),
(11,'Otro',1,'CA952C2E-4D0D-11E7-802B-A434D9558D85','2017-07-12 00:00:00',NULL,NULL,3),
(12,'Primaria',1,'CA952C2E-4D0D-11E7-802B-A434D9558D85','2017-07-12 00:00:00',NULL,NULL,4),
(13,'Secundaria',1,'CA952C2E-4D0D-11E7-802B-A434D9558D85','2017-07-12 00:00:00',NULL,NULL,4),
(14,'Preparatoria o bachillerato',1,'CA952C2E-4D0D-11E7-802B-A434D9558D85','2017-07-12 00:00:00',NULL,NULL,4),
(15,'Universidad',1,'CA952C2E-4D0D-11E7-802B-A434D9558D85','2017-07-12 00:00:00',NULL,NULL,4),
(16,'Maestría ',1,'CA952C2E-4D0D-11E7-802B-A434D9558D85','2017-07-12 00:00:00',NULL,NULL,4),
(17,'Doctorado',1,'CA952C2E-4D0D-11E7-802B-A434D9558D85','2017-07-12 00:00:00',NULL,NULL,4),
(18,'Sin ocupacion ',1,'CA952C2E-4D0D-11E7-802B-A434D9558D85','2017-07-12 00:00:00',NULL,NULL,5),
(19,'Trabajadores no calificados',1,'CA952C2E-4D0D-11E7-802B-A434D9558D85','2017-07-12 00:00:00',NULL,NULL,5),
(20,'Jubilados y pensionados',1,'CA952C2E-4D0D-11E7-802B-A434D9558D85','2017-07-12 00:00:00',NULL,NULL,5),
(21,'Mexicano',1,'CA952C2E-4D0D-11E7-802B-A434D9558D85','2017-07-12 00:00:00',NULL,NULL,6),
(22,'Nahuas',1,'CA952C2E-4D0D-11E7-802B-A434D9558D85','2017-07-12 00:00:00',NULL,NULL,6),
(23,'Mayas',1,'CA952C2E-4D0D-11E7-802B-A434D9558D85','2017-07-12 00:00:00',NULL,NULL,6),
(24,'Católica',1,'CA952C2E-4D0D-11E7-802B-A434D9558D85','2017-07-12 00:00:00',NULL,NULL,7),
(25,'Cristiana',1,'CA952C2E-4D0D-11E7-802B-A434D9558D85','2017-07-12 00:00:00',NULL,NULL,7),
(26,'O-',1,'CA952C2E-4D0D-11E7-802B-A434D9558D85','2017-07-12 00:00:00',NULL,NULL,8),
(27,'O+',1,'CA952C2E-4D0D-11E7-802B-A434D9558D85','2017-07-12 00:00:00',NULL,NULL,8),
(28,'A-',1,'CA952C2E-4D0D-11E7-802B-A434D9558D85','2017-07-12 00:00:00',NULL,NULL,8),
(29,'Clase Rica',1,'CA952C2E-4D0D-11E7-802B-A434D9558D85','2017-07-12 00:00:00',NULL,NULL,9),
(30,'Case Media Alta',1,'CA952C2E-4D0D-11E7-802B-A434D9558D85','2017-07-12 00:00:00',NULL,NULL,9),
(31,'Clase Media Baja',1,'CA952C2E-4D0D-11E7-802B-A434D9558D85','2017-07-12 00:00:00',NULL,NULL,9),
(32,'Institución de Protección social, vivienda móvil, casa rural, refugio, casa redonda o sin vivienda; local no construido para habitación.',1,'CA952C2E-4D0D-11E7-802B-A434D9558D85','2017-07-12 00:00:00',NULL,NULL,10),
(33,'Vecindad o cuarto de servicio o azotea ',1,'CA952C2E-4D0D-11E7-802B-A434D9558D85','2017-07-12 00:00:00',NULL,NULL,10),
(34,'Padre',1,'CA952C2E-4D0D-11E7-802B-A434D9558D85','2017-07-18 00:00:00',NULL,NULL,11),
(35,'Madre',1,'CA952C2E-4D0D-11E7-802B-A434D9558D85','2017-07-18 00:00:00',NULL,NULL,11),
(36,'Hijo',1,'CA952C2E-4D0D-11E7-802B-A434D9558D85','2017-07-18 00:00:00',NULL,NULL,11),
(37,'Hija',1,'CA952C2E-4D0D-11E7-802B-A434D9558D85','2017-07-18 00:00:00',NULL,NULL,11),
(38,'Medicamento',1,'CA952C2E-4D0D-11E7-802B-A434D9558D85', '2017-07-12 00:00:00', NULL, NULL, 12),
(39,'Material',1,'CA952C2E-4D0D-11E7-802B-A434D9558D85', '2017-07-12 00:00:00', NULL, NULL, 12),
(40,'Protesis',1,'CA952C2E-4D0D-11E7-802B-A434D9558D85', '2017-07-12 00:00:00', NULL, NULL, 12);
UNLOCK TABLES;



--
-- = = = = = = = = = = = MODULO MEDICAMENTO = = = = = = = = = = =
--

LOCK TABLES `sustanciaActiva` WRITE;
INSERT INTO `sustanciaActiva` VALUES (1,'Caseinato de calcio',1,'2015-09-08 18:56:04','1','2015-09-21 12:56:43','1'),(2,'Benzatina bencilpenicilina',1,'2015-09-08 18:56:05','1','2015-09-08 18:56:05','1'),(3,'Nicotina',1,'2015-09-08 18:56:05','1','2015-09-08 18:56:05','1'),(4,'Vareniclina',1,'2015-09-08 18:56:05','1','2015-09-08 18:56:05','1'),(5,'Miel de maíz',1,'2015-09-08 18:56:05','1','2015-09-08 18:56:05','1'),(6,'Ácido acetilsalicílico',1,'2015-09-08 18:56:05','1','2015-09-08 18:56:05','1'),(7,'Paracetamol',1,'2015-09-08 18:56:05','1','2015-09-08 18:56:05','1'),(8,'Metamizol sódico',1,'2015-09-08 18:56:05','1','2015-09-08 18:56:05','1'),(9,'Butilhioscina – metamizol',1,'2015-09-08 18:56:05','1','2015-09-08 18:56:05','1'),(10,'Aceite mineral',1,'2015-09-08 18:56:05','1','2015-09-08 18:56:05','1'),(11,'Atropina',1,'2015-09-08 18:56:05','1','2015-09-08 18:56:05','1'),(12,'Desflurano',1,'2015-09-08 18:56:05','1','2015-09-08 18:56:05','1'),(13,'Isoflurano',1,'2015-09-08 18:56:05','1','2015-09-08 18:56:05','1'),(14,'Sevoflurano',1,'2015-09-08 18:56:05','1','2015-09-08 18:56:05','1'),(15,'Enoxaparina',1,'2015-09-08 18:56:05','1','2015-09-08 18:56:05','1'),(16,'Concentrado de proteínas humanas coagulables',1,'2015-09-08 18:56:05','1','2015-09-08 18:56:05','1'),(17,'Milrinona',1,'2015-09-08 18:56:05','1','2015-09-08 18:56:05','1'),(18,'Propofol',1,'2015-09-08 18:56:05','1','2015-09-08 18:56:05','1'),(19,'Dexmedetomidina',1,'2015-09-08 18:56:05','1','2015-09-08 18:56:05','1'),(20,'Suxametonio, Cloruro de',1,'2015-09-08 18:56:05','1','2015-09-08 18:56:05','1'),(21,'Vecuronio',1,'2015-09-08 18:56:05','1','2015-09-08 18:56:05','1'),(22,'Lidocaína',1,'2015-09-08 18:56:05','1','2015-09-08 18:56:05','1'),(23,'Lidocaína, epinefrina',1,'2015-09-08 18:56:05','1','2015-09-08 18:56:05','1'),(24,'Ropivacaina',1,'2015-09-08 18:56:05','1','2015-09-08 18:56:05','1'),(25,'Bupivacaína',1,'2015-09-08 18:56:05','1','2015-09-08 18:56:05','1'),(26,'Neostigmina',1,'2015-09-08 18:56:05','1','2015-09-08 18:56:05','1'),(27,'Naloxona',1,'2015-09-08 18:56:05','1','2015-09-08 18:56:05','1'),(28,'Clorfenamina',1,'2015-09-08 18:56:05','1','2015-09-08 18:56:05','1'),(29,'Difenhidramina',1,'2015-09-08 18:56:05','1','2015-09-08 18:56:05','1'),(30,'Aminofilina',1,'2015-09-08 18:56:05','1','2015-09-08 18:56:05','1'),(31,'Salbutamol',1,'2015-09-08 18:56:05','1','2015-09-08 18:56:05','1'),(32,'Terbutalina',1,'2015-09-08 18:56:05','1','2015-09-08 18:56:05','1'),(33,'Teofilina',1,'2015-09-08 18:56:05','1','2015-09-08 18:56:05','1'),(34,'Fluticasona',1,'2015-09-08 18:56:05','1','2015-09-08 18:56:05','1'),(35,'Salmeterol',1,'2015-09-08 18:56:05','1','2015-09-08 18:56:05','1'),(36,'Salmeterol - Fluticasona',1,'2015-09-08 18:56:05','1','2015-09-08 18:56:05','1'),(37,'Salmeterol, Fluticasona',1,'2015-09-08 18:56:05','1','2015-09-08 18:56:05','1'),(38,'Budesonida - formoterol',1,'2015-09-08 18:56:05','1','2015-09-08 18:56:05','1'),(39,'Ketotifeno',1,'2015-09-08 18:56:05','1','2015-09-08 18:56:05','1'),(40,'Cromoglicato de sodio',1,'2015-09-08 18:56:05','1','2015-09-08 18:56:05','1'),(41,'Prednisona',1,'2015-09-08 18:56:05','1','2015-09-08 18:56:05','1'),(42,'Hidrocortisona',1,'2015-09-08 18:56:05','1','2015-09-08 18:56:05','1'),(43,'Metilprednisolona',1,'2015-09-08 18:56:05','1','2015-09-08 18:56:05','1'),(44,'Beclometasona dipropionato de',1,'2015-09-08 18:56:05','1','2015-09-08 18:56:05','1'),(45,'Digoxina',1,'2015-09-08 18:56:05','1','2015-09-08 18:56:05','1'),(46,'Potasio sales de',1,'2015-09-08 18:56:05','1','2015-09-08 18:56:05','1'),(47,'Cloruro de potasio',1,'2015-09-08 18:56:05','1','2015-09-08 18:56:05','1'),(48,'Fenitoína',1,'2015-09-08 18:56:05','1','2015-09-08 18:56:05','1'),(49,'Quinidina',1,'2015-09-08 18:56:05','1','2015-09-08 18:56:05','1'),(50,'Propranolol',1,'2015-09-08 18:56:05','1','2015-09-08 18:56:05','1'),(51,'Propafenona',1,'2015-09-08 18:56:05','1','2015-09-08 18:56:05','1'),(52,'Clortalidona',1,'2015-09-08 18:56:05','1','2015-09-08 18:56:05','1'),(53,'Metildopa',1,'2015-09-08 18:56:05','1','2015-09-08 18:56:05','1'),(54,'Diazóxido',1,'2015-09-08 18:56:05','1','2015-09-08 18:56:05','1'),(55,'Nitroprusiato de sodio',1,'2015-09-08 18:56:05','1','2015-09-08 18:56:05','1'),(56,'Hidralazina',1,'2015-09-08 18:56:05','1','2015-09-08 18:56:05','1'),(57,'Metoprolol',1,'2015-09-08 18:56:05','1','2015-09-08 18:56:05','1'),(58,'Prazosina',1,'2015-09-08 18:56:05','1','2015-09-08 18:56:05','1'),(59,'Captopril',1,'2015-09-08 18:56:05','1','2015-09-08 18:56:05','1'),(60,'Trinitrato de glicerilo',1,'2015-09-08 18:56:05','1','2015-09-08 18:56:05','1'),(61,'Isosorbida',1,'2015-09-08 18:56:05','1','2015-09-08 18:56:05','1'),(62,'Verapamilo',1,'2015-09-08 18:56:05','1','2015-09-08 18:56:05','1'),(63,'Nifedipino',1,'2015-09-08 18:56:05','1','2015-09-08 18:56:05','1'),(64,'Epinefrina',1,'2015-09-08 18:56:05','1','2015-09-08 18:56:05','1'),(65,'Norepinefrina',1,'2015-09-08 18:56:05','1','2015-09-08 18:56:05','1'),(66,'Dopamina',1,'2015-09-08 18:56:05','1','2015-09-08 18:56:05','1'),(67,'Dobutamina',1,'2015-09-08 18:56:05','1','2015-09-08 18:56:05','1'),(68,'Heparina',1,'2015-09-08 18:56:05','1','2015-09-08 18:56:05','1'),(69,'Warfarina.',1,'2015-09-08 18:56:05','1','2015-09-08 18:56:05','1'),(70,'Acenocumarol',1,'2015-09-08 18:56:05','1','2015-09-08 18:56:05','1'),(71,'Protamina',1,'2015-09-08 18:56:05','1','2015-09-08 18:56:05','1'),(72,'Fitomenadiona',1,'2015-09-08 18:56:05','1','2015-09-08 18:56:05','1'),(73,'Dextrán',1,'2015-09-08 18:56:05','1','2015-09-08 18:56:05','1'),(74,'Dipiridamol',1,'2015-09-08 18:56:05','1','2015-09-08 18:56:05','1'),(75,'Bezafibrato',1,'2015-09-08 18:56:05','1','2015-09-08 18:56:05','1'),(76,'Ácido nicotínico',1,'2015-09-08 18:56:05','1','2015-09-08 18:56:05','1'),(77,'Pravastatina',1,'2015-09-08 18:56:05','1','2015-09-08 18:56:05','1'),(78,'Baño coloide',1,'2015-09-08 18:56:05','1','2015-09-08 18:56:05','1'),(79,'Óxido de zinc',1,'2015-09-08 18:56:05','1','2015-09-08 18:56:05','1'),(80,'Fluocinolona',1,'2015-09-08 18:56:05','1','2015-09-08 18:56:05','1'),(81,'Benzoilo',1,'2015-09-08 18:56:05','1','2015-09-08 18:56:05','1'),(82,'Alantoína y alquitrán de hulla',1,'2015-09-08 18:56:05','1','2015-09-08 18:56:05','1'),(83,'Bencilo',1,'2015-09-08 18:56:05','1','2015-09-08 18:56:05','1'),(84,'Permetrina',1,'2015-09-08 18:56:05','1','2015-09-08 18:56:05','1'),(85,'Alibour',1,'2015-09-08 18:56:05','1','2015-09-08 18:56:05','1'),(86,'Clioquinol',1,'2015-09-08 18:56:05','1','2015-09-08 18:56:05','1'),(87,'Miconazol',1,'2015-09-08 18:56:05','1','2015-09-08 18:56:05','1'),(88,'Podofilina',1,'2015-09-08 18:56:05','1','2015-09-08 18:56:05','1'),(89,'Fluorouracilo',1,'2015-09-08 18:56:05','1','2015-09-08 18:56:05','1'),(90,'Ácido retinoico',1,'2015-09-08 18:56:05','1','2015-09-08 18:56:05','1'),(91,'Dapsona',1,'2015-09-08 18:56:05','1','2015-09-08 18:56:05','1'),(92,'Lanolina y aceite mineral',1,'2015-09-08 18:56:05','1','2015-09-08 18:56:05','1'),(93,'Aceite de almendras dulces',1,'2015-09-08 18:56:05','1','2015-09-08 18:56:05','1'),(94,'Tiroxina/ Triyodotironina',1,'2015-09-08 18:56:05','1','2015-09-08 18:56:05','1'),(95,'Calcio',1,'2015-09-08 18:56:05','1','2015-09-08 18:56:05','1'),(96,'Levotiroxina',1,'2015-09-08 18:56:05','1','2015-09-08 18:56:05','1'),(97,'Tiamazol',1,'2015-09-08 18:56:05','1','2015-09-08 18:56:05','1'),(98,'Tolbutamida',1,'2015-09-08 18:56:05','1','2015-09-08 18:56:05','1'),(99,'Glibenclamida',1,'2015-09-08 18:56:05','1','2015-09-08 18:56:05','1'),(100,'Insulina humana acción intermedia NPH',1,'2015-09-08 18:56:05','1','2015-09-08 18:56:05','1'),(101,'Insulina humana acción rápida regular',1,'2015-09-08 18:56:05','1','2015-09-08 18:56:05','1'),(102,'Testosterona',1,'2015-09-08 18:56:05','1','2015-09-08 18:56:05','1'),(103,'Mesterolona',1,'2015-09-08 18:56:05','1','2015-09-08 18:56:05','1'),(104,'Gonadotrofina coriónica',1,'2015-09-08 18:56:05','1','2015-09-08 18:56:05','1'),(105,'Danazol',1,'2015-09-08 18:56:05','1','2015-09-08 18:56:05','1'),(106,'Cabergolina',1,'2015-09-08 18:56:05','1','2015-09-08 18:56:05','1'),(107,'Calcitriol',1,'2015-09-08 18:56:05','1','2015-09-08 18:56:05','1'),(108,'Bromocriptina',1,'2015-09-08 18:56:05','1','2015-09-08 18:56:05','1'),(109,'Desmopresina',1,'2015-09-08 18:56:05','1','2015-09-08 18:56:05','1'),(110,'Vitaminas A.C.D',1,'2015-09-08 18:56:05','1','2015-09-08 18:56:05','1'),(111,'Paricalcitol',1,'2015-09-08 18:56:05','1','2015-09-08 18:56:05','1'),(112,'Butilhioscina',1,'2015-09-08 18:56:05','1','2015-09-08 18:56:05','1'),(113,'Cisaprida',1,'2015-09-08 18:56:05','1','2015-09-08 18:56:05','1'),(114,'Pinaverio',1,'2015-09-08 18:56:05','1','2015-09-08 18:56:05','1'),(115,'Aluminio',1,'2015-09-08 18:56:05','1','2015-09-08 18:56:05','1'),(116,'Aluminio – magnesio',1,'2015-09-08 18:56:05','1','2015-09-08 18:56:05','1'),(117,'Ranitidina',1,'2015-09-08 18:56:05','1','2015-09-08 18:56:05','1'),(118,'Metoclopramida',1,'2015-09-08 18:56:05','1','2015-09-08 18:56:05','1'),(119,'Mesalazina',1,'2015-09-08 18:56:05','1','2015-09-08 18:56:05','1'),(120,'Bismuto',1,'2015-09-08 18:56:05','1','2015-09-08 18:56:05','1'),(121,'Senosidos A-B',1,'2015-09-08 18:56:05','1','2015-09-08 18:56:05','1'),(122,'Plántago psyllium',1,'2015-09-08 18:56:05','1','2015-09-08 18:56:05','1'),(123,'Senósidoss A-B',1,'2015-09-08 18:56:05','1','2015-09-08 18:56:05','1'),(124,'Aceite de ricino',1,'2015-09-08 18:56:05','1','2015-09-08 18:56:05','1'),(125,'Magnesio',1,'2015-09-08 18:56:05','1','2015-09-08 18:56:05','1'),(126,'Fosfato y citrato de sodio',1,'2015-09-08 18:56:05','1','2015-09-08 18:56:05','1'),(127,'Glicerol',1,'2015-09-08 18:56:05','1','2015-09-08 18:56:05','1'),(128,'Diyodohidroxiquinoleína',1,'2015-09-08 18:56:05','1','2015-09-08 18:56:05','1'),(129,'Metronidazol',1,'2015-09-08 18:56:05','1','2015-09-08 18:56:05','1'),(130,'Quinfamida',1,'2015-09-08 18:56:05','1','2015-09-08 18:56:05','1'),(131,'Albendazol',1,'2015-09-08 18:56:05','1','2015-09-08 18:56:05','1'),(132,'Prazicuantel',1,'2015-09-08 18:56:05','1','2015-09-08 18:56:05','1'),(133,'Lidocaína - hidrocortisona',1,'2015-09-08 18:56:05','1','2015-09-08 18:56:05','1'),(134,'Estrógenos conjugados',1,'2015-09-08 18:56:05','1','2015-09-08 18:56:05','1'),(135,'Estradiol valerato de',1,'2015-09-08 18:56:05','1','2015-09-08 18:56:05','1'),(136,'Estradiol noretisterona',1,'2015-09-08 18:56:05','1','2015-09-08 18:56:05','1'),(137,'Estradiol ciproterona',1,'2015-09-08 18:56:05','1','2015-09-08 18:56:05','1'),(138,'Mestranol',1,'2015-09-08 18:56:05','1','2015-09-08 18:56:05','1'),(139,'Estrógenos conjugados y medroxiprogesterona',1,'2015-09-08 18:56:05','1','2015-09-08 18:56:05','1'),(140,'Ciproterona-Etinilestradiol',1,'2015-09-08 18:56:05','1','2015-09-08 18:56:05','1'),(141,'Estradiol trimegestona',1,'2015-09-08 18:56:05','1','2015-09-08 18:56:05','1'),(142,'Estradiol, drospirenona',1,'2015-09-08 18:56:05','1','2015-09-08 18:56:05','1'),(143,'Clormadinona',1,'2015-09-08 18:56:05','1','2015-09-08 18:56:05','1'),(144,'Hidroxiprogesterona caproato de',1,'2015-09-08 18:56:05','1','2015-09-08 18:56:05','1'),(145,'Clomifeno',1,'2015-09-08 18:56:05','1','2015-09-08 18:56:05','1'),(146,'Carbetocina',1,'2015-09-08 18:56:05','1','2015-09-08 18:56:05','1'),(147,'Oxitocina.',1,'2015-09-08 18:56:05','1','2015-09-08 18:56:05','1'),(148,'Atosibán',1,'2015-09-08 18:56:05','1','2015-09-08 18:56:05','1'),(149,'Orciprenalina',1,'2015-09-08 18:56:05','1','2015-09-08 18:56:05','1'),(150,'Nitrofural',1,'2015-09-08 18:56:05','1','2015-09-08 18:56:05','1'),(151,'Nistatina',1,'2015-09-08 18:56:05','1','2015-09-08 18:56:05','1'),(152,'Inmunoglobulina anti D',1,'2015-09-08 18:56:05','1','2015-09-08 18:56:05','1'),(153,'Ácido fólico',1,'2015-09-08 18:56:05','1','2015-09-08 18:56:05','1'),(154,'Fumarato ferroso',1,'2015-09-08 18:56:05','1','2015-09-08 18:56:05','1'),(155,'Sulfato ferroso',1,'2015-09-08 18:56:05','1','2015-09-08 18:56:05','1'),(156,'Hierro dextrán',1,'2015-09-08 18:56:05','1','2015-09-08 18:56:05','1'),(157,'Ácido folínico',1,'2015-09-08 18:56:05','1','2015-09-08 18:56:05','1'),(158,'Hidroxocobalamina',1,'2015-09-08 18:56:05','1','2015-09-08 18:56:05','1'),(159,'Hierro aminoquelado y ácido fólico',1,'2015-09-08 18:56:05','1','2015-09-08 18:56:05','1'),(160,'Sacarato ferrico',1,'2015-09-08 18:56:05','1','2015-09-08 18:56:05','1'),(161,'Menadiona',1,'2015-09-08 18:56:05','1','2015-09-08 18:56:05','1'),(162,'Estreptoquinasa',1,'2015-09-08 18:56:05','1','2015-09-08 18:56:05','1'),(163,'Ciclofosfamida',1,'2015-09-08 18:56:05','1','2015-09-08 18:56:05','1'),(164,'Clorambucilo',1,'2015-09-08 18:56:05','1','2015-09-08 18:56:05','1'),(165,'Busulfan',1,'2015-09-08 18:56:05','1','2015-09-08 18:56:05','1'),(166,'Melfalán',1,'2015-09-08 18:56:05','1','2015-09-08 18:56:05','1'),(167,'Carmustina',1,'2015-09-08 18:56:05','1','2015-09-08 18:56:05','1'),(168,'Metotrexato',1,'2015-09-08 18:56:05','1','2015-09-08 18:56:05','1'),(169,'Mercaptopurina',1,'2015-09-08 18:56:05','1','2015-09-08 18:56:05','1'),(170,'Doxorubicina',1,'2015-09-08 18:56:05','1','2015-09-08 18:56:05','1'),(171,'Bleomicina',1,'2015-09-08 18:56:05','1','2015-09-08 18:56:05','1'),(172,'Vincristina',1,'2015-09-08 18:56:05','1','2015-09-08 18:56:05','1'),(173,'Vinblastina',1,'2015-09-08 18:56:05','1','2015-09-08 18:56:05','1'),(174,'Procarbazina',1,'2015-09-08 18:56:05','1','2015-09-08 18:56:05','1'),(175,'Epirubicina',1,'2015-09-08 18:56:05','1','2015-09-08 18:56:05','1'),(176,'Citarabina',1,'2015-09-08 18:56:05','1','2015-09-08 18:56:05','1'),(177,'Trimetoprima - sulfametoxazol',1,'2015-09-08 18:56:05','1','2015-09-08 18:56:05','1'),(178,'Nitrofurantoína',1,'2015-09-08 18:56:05','1','2015-09-08 18:56:05','1'),(179,'Bencilpenicilina sódica cristalina',1,'2015-09-08 18:56:05','1','2015-09-08 18:56:05','1'),(180,'Bencilpenicilina procaínica - bencilpenicilina cristalina',1,'2015-09-08 18:56:05','1','2015-09-08 18:56:05','1'),(181,'Dicloxacilina',1,'2015-09-08 18:56:05','1','2015-09-08 18:56:05','1'),(182,'Ampicilina',1,'2015-09-08 18:56:05','1','2015-09-08 18:56:05','1'),(183,'Cefotaxima',1,'2015-09-08 18:56:05','1','2015-09-08 18:56:05','1'),(184,'Ceftriaxona',1,'2015-09-08 18:56:05','1','2015-09-08 18:56:05','1'),(185,'Bencilpenicilina benzatínica compuesta',1,'2015-09-08 18:56:05','1','2015-09-08 18:56:05','1'),(186,'Cefalexina',1,'2015-09-08 18:56:05','1','2015-09-08 18:56:05','1'),(187,'Doxiciclina',1,'2015-09-08 18:56:05','1','2015-09-08 18:56:05','1'),(188,'Kanamicina',1,'2015-09-08 18:56:05','1','2015-09-08 18:56:05','1'),(189,'Gentamicina',1,'2015-09-08 18:56:05','1','2015-09-08 18:56:05','1'),(190,'Amikacina',1,'2015-09-08 18:56:05','1','2015-09-08 18:56:05','1'),(191,'Azitromicina',1,'2015-09-08 18:56:05','1','2015-09-08 18:56:05','1'),(192,'Eritromicina',1,'2015-09-08 18:56:05','1','2015-09-08 18:56:05','1'),(193,'Clindamicina',1,'2015-09-08 18:56:05','1','2015-09-08 18:56:05','1'),(194,'Tetraciclina',1,'2015-09-08 18:56:05','1','2015-09-08 18:56:05','1'),(195,'Cloranfenicol',1,'2015-09-08 18:56:05','1','2015-09-08 18:56:05','1'),(196,'Amfotericina B',1,'2015-09-08 18:56:05','1','2015-09-08 18:56:05','1'),(197,'Ketoconazol',1,'2015-09-08 18:56:05','1','2015-09-08 18:56:05','1'),(198,'Itraconazol',1,'2015-09-08 18:56:05','1','2015-09-08 18:56:05','1'),(199,'Isoconazol',1,'2015-09-08 18:56:05','1','2015-09-08 18:56:05','1'),(200,'Cloroquina',1,'2015-09-08 18:56:05','1','2015-09-08 18:56:05','1'),(201,'Primaquina',1,'2015-09-08 18:56:05','1','2015-09-08 18:56:05','1'),(202,'Quinina',1,'2015-09-08 18:56:05','1','2015-09-08 18:56:05','1'),(203,'Tinidazol',1,'2015-09-08 18:56:05','1','2015-09-08 18:56:05','1'),(204,'Clonidina',1,'2015-09-08 18:56:05','1','2015-09-08 18:56:05','1'),(205,'Amlodipino',1,'2015-09-08 18:56:05','1','2015-09-08 18:56:05','1'),(206,'Diltiazem',1,'2015-09-08 18:56:05','1','2015-09-08 18:56:05','1'),(207,'Felodipino',1,'2015-09-08 18:56:05','1','2015-09-08 18:56:05','1'),(208,'Isoprenalina',1,'2015-09-08 18:56:05','1','2015-09-08 18:56:05','1'),(209,'Betametasona',1,'2015-09-08 18:56:05','1','2015-09-08 18:56:05','1'),(210,'Higroplex',1,'2015-09-08 18:56:05','1','2015-09-08 18:56:05','1'),(211,'Lecitina vegetal',1,'2015-09-08 18:56:05','1','2015-09-08 18:56:05','1'),(212,'Mupirocina',1,'2015-09-08 18:56:05','1','2015-09-08 18:56:05','1'),(213,'Padimato, parsol mcx y parsol 1789',1,'2015-09-08 18:56:05','1','2015-09-08 18:56:05','1'),(214,'Glucagon',1,'2015-09-08 18:56:05','1','2015-09-08 18:56:05','1'),(215,'Aciclovir',1,'2015-09-08 18:56:05','1','2015-09-08 18:56:05','1'),(216,'Amoxicilina',1,'2015-09-08 18:56:05','1','2015-09-08 18:56:05','1'),(217,'Amoxicilina - ácido clavulánico',1,'2015-09-08 18:56:05','1','2015-09-08 18:56:05','1'),(218,'Cefaclor',1,'2015-09-08 18:56:05','1','2015-09-08 18:56:05','1'),(219,'Claritromicina',1,'2015-09-08 18:56:05','1','2015-09-08 18:56:05','1'),(220,'Fluconazol',1,'2015-09-08 18:56:05','1','2015-09-08 18:56:05','1'),(221,'Mebendazol',1,'2015-09-08 18:56:05','1','2015-09-08 18:56:05','1'),(222,'Oxitetraciclina',1,'2015-09-08 18:56:05','1','2015-09-08 18:56:05','1'),(223,'Pirantel',1,'2015-09-08 18:56:05','1','2015-09-08 18:56:05','1'),(224,'Ribavirina',1,'2015-09-08 18:56:05','1','2015-09-08 18:56:05','1'),(225,'Roxitromicina',1,'2015-09-08 18:56:05','1','2015-09-08 18:56:05','1'),(226,'Loratadina',1,'2015-09-08 18:56:05','1','2015-09-08 18:56:05','1'),(227,'Plantago ovata - senósidos A y B',1,'2015-09-08 18:56:05','1','2015-09-08 18:56:05','1'),(228,'Betametasona acetato de y fosfato disódico de',1,'2015-09-08 18:56:05','1','2015-09-08 18:56:05','1'),(229,'Nadroparina',1,'2015-09-08 18:56:05','1','2015-09-08 18:56:05','1'),(230,'Espironolactona',1,'2015-09-08 18:56:05','1','2015-09-08 18:56:05','1'),(231,'Furosemida',1,'2015-09-08 18:56:05','1','2015-09-08 18:56:05','1'),(232,'Bromhexina',1,'2015-09-08 18:56:05','1','2015-09-08 18:56:05','1'),(233,'Dextrometorfano',1,'2015-09-08 18:56:05','1','2015-09-08 18:56:05','1'),(234,'Ipratropio',1,'2015-09-08 18:56:05','1','2015-09-08 18:56:05','1'),(235,'Leche descremada',1,'2015-09-08 18:56:05','1','2015-09-08 18:56:05','1'),(236,'Aminoácidos esenciales sin electrolitos',1,'2015-09-08 18:56:05','1','2015-09-08 18:56:05','1'),(237,'Levocarnitina.',1,'2015-09-08 18:56:05','1','2015-09-08 18:56:05','1'),(238,'Alcohol polivinílico',1,'2015-09-08 18:56:05','1','2015-09-08 18:56:05','1'),(239,'Betaxolol',1,'2015-09-08 18:56:05','1','2015-09-08 18:56:05','1'),(240,'Ciprofloxacino',1,'2015-09-08 18:56:05','1','2015-09-08 18:56:05','1'),(241,'Cloranfenicol y sulfacetamida sódica',1,'2015-09-08 18:56:05','1','2015-09-08 18:56:05','1'),(242,'Dexametasona',1,'2015-09-08 18:56:05','1','2015-09-08 18:56:05','1'),(243,'Dipivefrina',1,'2015-09-08 18:56:05','1','2015-09-08 18:56:05','1'),(244,'Feniramina/nafazolina',1,'2015-09-08 18:56:05','1','2015-09-08 18:56:05','1'),(245,'Fluorometalona',1,'2015-09-08 18:56:05','1','2015-09-08 18:56:05','1'),(246,'Levobunolol/alcohol polivinílico',1,'2015-09-08 18:56:05','1','2015-09-08 18:56:05','1'),(247,'Levocabastina',1,'2015-09-08 18:56:05','1','2015-09-08 18:56:05','1'),(248,'Levoepinefrina',1,'2015-09-08 18:56:05','1','2015-09-08 18:56:05','1'),(249,'Medrisona',1,'2015-09-08 18:56:05','1','2015-09-08 18:56:05','1'),(250,'Norfloxacino',1,'2015-09-08 18:56:05','1','2015-09-08 18:56:05','1'),(251,'Prednisolona',1,'2015-09-08 18:56:05','1','2015-09-08 18:56:05','1'),(252,'Prednisolona - sulfacetamida',1,'2015-09-08 18:56:05','1','2015-09-08 18:56:05','1'),(253,'Ipratropio - Salbutamol',1,'2015-09-08 18:56:05','1','2015-09-08 18:56:05','1'),(254,'Tobramicina',1,'2015-09-08 18:56:05','1','2015-09-08 18:56:05','1'),(255,'Vitamina A',1,'2015-09-08 18:56:05','1','2015-09-08 18:56:05','1'),(256,'Glicofosfopéptical',1,'2015-09-08 18:56:05','1','2015-09-08 18:56:05','1'),(257,'Ondansetron',1,'2015-09-08 18:56:05','1','2015-09-08 18:56:05','1'),(258,'Dimenhidrinato',1,'2015-09-08 18:56:05','1','2015-09-08 18:56:05','1'),(259,'Fenilpropanolamina y bromofeniramina',1,'2015-09-08 18:56:05','1','2015-09-08 18:56:05','1'),(260,'Oximetazolina',1,'2015-09-08 18:56:05','1','2015-09-08 18:56:05','1'),(261,'Penicilamina',1,'2015-09-08 18:56:05','1','2015-09-08 18:56:05','1'),(262,'Deferasirox',1,'2015-09-08 18:56:05','1','2015-09-08 18:56:05','1'),(263,'Tibolona',1,'2015-09-08 18:56:05','1','2015-09-08 18:56:05','1'),(264,'Levonorgestrel',1,'2015-09-08 18:56:05','1','2015-09-08 18:56:05','1'),(265,'Desogestrel',1,'2015-09-08 18:56:05','1','2015-09-08 18:56:05','1'),(266,'Metiltionino cloruro de (azul de metileno)',1,'2015-09-08 18:56:05','1','2015-09-08 18:56:05','1'),(267,'Carbón activado',1,'2015-09-08 18:56:05','1','2015-09-08 18:56:05','1'),(268,'Cinitaprida',1,'2015-09-08 18:56:05','1','2015-09-08 18:56:05','1'),(269,'Tiotropio, bromuro de',1,'2015-09-08 18:56:05','1','2015-09-08 18:56:05','1'),(270,'Hidroclorotiazida',1,'2015-09-08 18:56:05','1','2015-09-08 18:56:05','1'),(271,'Acetazolamida',1,'2015-09-08 18:56:05','1','2015-09-08 18:56:05','1'),(272,'Manitol',1,'2015-09-08 18:56:05','1','2015-09-08 18:56:05','1'),(273,'Ácido nalidíxico',1,'2015-09-08 18:56:05','1','2015-09-08 18:56:05','1'),(274,'Fenazopiridina',1,'2015-09-08 18:56:05','1','2015-09-08 18:56:05','1'),(275,'Metenamina',1,'2015-09-08 18:56:05','1','2015-09-08 18:56:05','1'),(276,'Solución para diálisis peritoneal',1,'2015-09-08 18:56:05','1','2015-09-08 18:56:05','1'),(277,'Solución para diálisis peritoneal con sistema de doble bolsa',1,'2015-09-08 18:56:05','1','2015-09-08 18:56:05','1'),(278,'Solución para diálisis peritoneal con aminoácidos',1,'2015-09-08 18:56:05','1','2015-09-08 18:56:05','1'),(279,'Solución para diálisis peritoneal con icodextrina',1,'2015-09-08 18:56:05','1','2015-09-08 18:56:05','1'),(280,'Sistema integral para la aplicacion de dialisis peritoneal continua ambulatoria',1,'2015-09-08 18:56:05','1','2015-09-08 18:56:05','1'),(281,'Sistema integral para la aplicacion de dialisis peritoneal automatizada',1,'2015-09-08 18:56:05','1','2015-09-08 18:56:05','1'),(282,'Estreptomicina',1,'2015-09-08 18:56:05','1','2015-09-08 18:56:05','1'),(283,'Isoniazida',1,'2015-09-08 18:56:05','1','2015-09-08 18:56:05','1'),(284,'Etambutol',1,'2015-09-08 18:56:05','1','2015-09-08 18:56:05','1'),(285,'Rifampicina',1,'2015-09-08 18:56:05','1','2015-09-08 18:56:05','1'),(286,'Pirazinamida',1,'2015-09-08 18:56:05','1','2015-09-08 18:56:05','1'),(287,'Rifampicina – isoniazida - pirazinamida',1,'2015-09-08 18:56:05','1','2015-09-08 18:56:05','1'),(288,'Isoniazida - rifampicina',1,'2015-09-08 18:56:05','1','2015-09-08 18:56:05','1'),(289,'Isoniazida - etambutol',1,'2015-09-08 18:56:05','1','2015-09-08 18:56:05','1'),(290,'Isoniazida - rifampicina-pirazinamida - etambutol',1,'2015-09-08 18:56:05','1','2015-09-08 18:56:05','1'),(291,'Benzonatato',1,'2015-09-08 18:56:05','1','2015-09-08 18:56:05','1'),(292,'Ambroxol',1,'2015-09-08 18:56:05','1','2015-09-08 18:56:05','1'),(293,'Clorfenamina compuesta',1,'2015-09-08 18:56:05','1','2015-09-08 18:56:05','1'),(294,'Enalapril o lisinopril o ramipril',1,'2015-09-08 18:56:05','1','2015-09-08 18:56:05','1'),(295,'Alopurinol',1,'2015-09-08 18:56:05','1','2015-09-08 18:56:05','1'),(296,'Ketoprofeno',1,'2015-09-08 18:56:05','1','2015-09-08 18:56:05','1'),(297,'Sodio bicarbonato de /potasio cloruro de',1,'2015-09-08 18:56:05','1','2015-09-08 18:56:05','1'),(298,'Bencilpenicilina procaínica',1,'2015-09-08 18:56:05','1','2015-09-08 18:56:05','1'),(299,'Aminoácidos cristalinos',1,'2015-09-08 18:56:05','1','2015-09-08 18:56:05','1'),(300,'Terazosina',1,'2015-09-08 18:56:05','1','2015-09-08 18:56:05','1'),(301,'Nitazoxanida',1,'2015-09-08 18:56:05','1','2015-09-08 18:56:05','1'),(302,'Losartán',1,'2015-09-08 18:56:05','1','2015-09-08 18:56:05','1'),(303,'Losartán e hidroclorotiazida',1,'2015-09-08 18:56:05','1','2015-09-08 18:56:05','1'),(304,'Candesartán Cilexetilo -Hidroclorotiazida',1,'2015-09-08 18:56:05','1','2015-09-08 18:56:05','1'),(305,'Telmisartán',1,'2015-09-08 18:56:05','1','2015-09-08 18:56:05','1'),(306,'Telmisartán – hidroclorotiazida',1,'2015-09-08 18:56:05','1','2015-09-08 18:56:05','1'),(307,'Carvedilol',1,'2015-09-08 18:56:05','1','2015-09-08 18:56:05','1'),(308,'Primidona',1,'2015-09-08 18:56:05','1','2015-09-08 18:56:05','1'),(309,'Levetiracetam',1,'2015-09-08 18:56:05','1','2015-09-08 18:56:05','1'),(310,'Ácido valproico',1,'2015-09-08 18:56:05','1','2015-09-08 18:56:05','1'),(311,'Valproato de magnesio',1,'2015-09-08 18:56:05','1','2015-09-08 18:56:05','1'),(312,'Oxcarbazepina',1,'2015-09-08 18:56:05','1','2015-09-08 18:56:05','1'),(313,'Valproato semisódico',1,'2015-09-08 18:56:05','1','2015-09-08 18:56:05','1'),(314,'Rotigotina',1,'2015-09-08 18:56:05','1','2015-09-08 18:56:05','1'),(315,'Pramipexol',1,'2015-09-08 18:56:05','1','2015-09-08 18:56:05','1'),(316,'Entacapona, levodopa, carbidopa',1,'2015-09-08 18:56:05','1','2015-09-08 18:56:05','1'),(317,'Piridostigmina',1,'2015-09-08 18:56:05','1','2015-09-08 18:56:05','1'),(318,'Dihidroergotamina/Paracetamol/ Cafeína',1,'2015-09-08 18:56:05','1','2015-09-08 18:56:05','1'),(319,'Ácido ascórbico',1,'2015-09-08 18:56:05','1','2015-09-08 18:56:05','1'),(320,'Vitaminas y minerales',1,'2015-09-08 18:56:05','1','2015-09-08 18:56:05','1'),(321,'Complejo B',1,'2015-09-08 18:56:05','1','2015-09-08 18:56:05','1'),(322,'Vitamina E',1,'2015-09-08 18:56:05','1','2015-09-08 18:56:05','1'),(323,'Nutrición parenteral',1,'2015-09-08 18:56:05','1','2015-09-08 18:56:05','1'),(324,'Lípidos intravenosos (Lípidos de cadena larga al 10%; soya ó soya / cártamo)',1,'2015-09-08 18:56:05','1','2015-09-08 18:56:05','1'),(325,'Dieta elemental.',1,'2015-09-08 18:56:05','1','2015-09-08 18:56:05','1'),(326,'Aminoácidos con electrolitos',1,'2015-09-08 18:56:05','1','2015-09-08 18:56:05','1'),(327,'Dieta polimérica a base de caseinato de calcio',1,'2015-09-08 18:56:05','1','2015-09-08 18:56:05','1'),(328,'Lípidos intravenosos (Lípidos de cadena mediana y larga al 20%; soya / triglicéridos)',1,'2015-09-08 18:56:05','1','2015-09-08 18:56:05','1'),(329,'Alanina y Levoglutamina',1,'2015-09-08 18:56:05','1','2015-09-08 18:56:05','1'),(330,'Lípidos intravenosos (Lípidos de cadena larga al 20%; oliva / soya)',1,'2015-09-08 18:56:05','1','2015-09-08 18:56:05','1'),(331,'Lípidos intravenosos: Aceite de pescado (acidos grasos)',1,'2015-09-08 18:56:05','1','2015-09-08 18:56:05','1'),(332,'Zinc y fenilefrina',1,'2015-09-08 18:56:05','1','2015-09-08 18:56:05','1'),(333,'Nafazolina',1,'2015-09-08 18:56:05','1','2015-09-08 18:56:05','1'),(334,'Hipromelosa',1,'2015-09-08 18:56:05','1','2015-09-08 18:56:05','1'),(335,'Neomicina, polimixina B y gramicidina',1,'2015-09-08 18:56:05','1','2015-09-08 18:56:05','1'),(336,'Neomicina, polimixina B y bacitracina',1,'2015-09-08 18:56:05','1','2015-09-08 18:56:05','1'),(337,'Idoxuridina',1,'2015-09-08 18:56:05','1','2015-09-08 18:56:05','1'),(338,'Sulfacetamida',1,'2015-09-08 18:56:05','1','2015-09-08 18:56:05','1'),(339,'Pilocarpina',1,'2015-09-08 18:56:05','1','2015-09-08 18:56:05','1'),(340,'Timolol',1,'2015-09-08 18:56:05','1','2015-09-08 18:56:05','1'),(341,'Fenilefrina',1,'2015-09-08 18:56:05','1','2015-09-08 18:56:05','1'),(342,'Homatropina',1,'2015-09-08 18:56:05','1','2015-09-08 18:56:05','1'),(343,'Proximetacaina',1,'2015-09-08 18:56:05','1','2015-09-08 18:56:05','1'),(344,'Cloruro de sodio',1,'2015-09-08 18:56:05','1','2015-09-08 18:56:05','1'),(345,'Acetilcolina cloruro de',1,'2015-09-08 18:56:05','1','2015-09-08 18:56:05','1'),(346,'Tiotepa',1,'2015-09-08 18:56:05','1','2015-09-08 18:56:05','1'),(347,'Dacarbazina',1,'2015-09-08 18:56:05','1','2015-09-08 18:56:05','1'),(348,'Mitomicina',1,'2015-09-08 18:56:05','1','2015-09-08 18:56:05','1'),(349,'Medroxiprogesterona',1,'2015-09-08 18:56:05','1','2015-09-08 18:56:05','1'),(350,'Cisplatino',1,'2015-09-08 18:56:05','1','2015-09-08 18:56:05','1'),(351,'Tamoxifeno',1,'2015-09-08 18:56:05','1','2015-09-08 18:56:05','1'),(352,'Goserelina',1,'2015-09-08 18:56:05','1','2015-09-08 18:56:05','1'),(353,'BCG Inmunoterapeutico',1,'2015-09-08 18:56:05','1','2015-09-08 18:56:05','1'),(354,'Leuprorelina',1,'2015-09-08 18:56:05','1','2015-09-08 18:56:05','1'),(355,'Difenidol',1,'2015-09-08 18:56:05','1','2015-09-08 18:56:05','1'),(356,'Neomicina, polimixina B, fluocinolona y lidocaína',1,'2015-09-08 18:56:05','1','2015-09-08 18:56:05','1'),(357,'Epinastina',1,'2015-09-08 18:56:05','1','2015-09-08 18:56:05','1'),(358,'Fexofenadina',1,'2015-09-08 18:56:05','1','2015-09-08 18:56:05','1'),(359,'Levocetirizina',1,'2015-09-08 18:56:05','1','2015-09-08 18:56:05','1'),(360,'Flupentixol',1,'2015-09-08 18:56:05','1','2015-09-08 18:56:05','1'),(361,'Ziprasidona',1,'2015-09-08 18:56:05','1','2015-09-08 18:56:05','1'),(362,'Atomoxetina',1,'2015-09-08 18:56:05','1','2015-09-08 18:56:05','1'),(363,'Dipiridamol-acido  acetilsalicilico',1,'2015-09-08 18:56:05','1','2015-09-08 18:56:05','1'),(364,'Acemetacina',1,'2015-09-08 18:56:05','1','2015-09-08 18:56:05','1'),(365,'Naproxeno',1,'2015-09-08 18:56:05','1','2015-09-08 18:56:05','1'),(366,'Colchicina',1,'2015-09-08 18:56:05','1','2015-09-08 18:56:05','1'),(367,'Indometacina',1,'2015-09-08 18:56:05','1','2015-09-08 18:56:05','1'),(368,'Piroxicam',1,'2015-09-08 18:56:05','1','2015-09-08 18:56:05','1'),(369,'Diclofenaco',1,'2015-09-08 18:56:05','1','2015-09-08 18:56:05','1'),(370,'Meloxicam',1,'2015-09-08 18:56:05','1','2015-09-08 18:56:05','1'),(371,'Ketorolaco trometamina',1,'2015-09-08 18:56:05','1','2015-09-08 18:56:05','1'),(372,'Orfenadrina',1,'2015-09-08 18:56:05','1','2015-09-08 18:56:05','1'),(373,'Metocarbamol',1,'2015-09-08 18:56:05','1','2015-09-08 18:56:05','1'),(374,'Probenecid',1,'2015-09-08 18:56:05','1','2015-09-08 18:56:05','1'),(375,'Azatioprina',1,'2015-09-08 18:56:05','1','2015-09-08 18:56:05','1'),(376,'Noretisterona',1,'2015-09-08 18:56:05','1','2015-09-08 18:56:05','1'),(377,'Levonorgestrel y etinilestradiol',1,'2015-09-08 18:56:05','1','2015-09-08 18:56:05','1'),(378,'Desogestrel y etinilestradiol',1,'2015-09-08 18:56:05','1','2015-09-08 18:56:05','1'),(379,'Noretisterona y etinilestradiol',1,'2015-09-08 18:56:05','1','2015-09-08 18:56:05','1'),(380,'Medroxiprogesterona y cipionato de estradiol',1,'2015-09-08 18:56:05','1','2015-09-08 18:56:05','1'),(381,'Etonogestrel',1,'2015-09-08 18:56:05','1','2015-09-08 18:56:05','1'),(382,'Norelgestromina y etinilestradiol',1,'2015-09-08 18:56:05','1','2015-09-08 18:56:05','1'),(383,'Noretisterona y estradiol',1,'2015-09-08 18:56:05','1','2015-09-08 18:56:05','1'),(384,'Glucosa',1,'2015-09-08 18:56:05','1','2015-09-08 18:56:05','1'),(385,'Cloruro de sodio y glucosa',1,'2015-09-08 18:56:05','1','2015-09-08 18:56:05','1'),(386,'Solución Hartmann',1,'2015-09-08 18:56:05','1','2015-09-08 18:56:05','1'),(387,'Fosfato de potasio',1,'2015-09-08 18:56:05','1','2015-09-08 18:56:05','1'),(388,'Bicarbonato de sodio',1,'2015-09-08 18:56:05','1','2015-09-08 18:56:05','1'),(389,'Gluconato de calcio',1,'2015-09-08 18:56:05','1','2015-09-08 18:56:05','1'),(390,'Electrolitos orales (Fórmula de osmolaridad baja)',1,'2015-09-08 18:56:05','1','2015-09-08 18:56:05','1'),(391,'Electrolitos orales',1,'2015-09-08 18:56:05','1','2015-09-08 18:56:05','1'),(392,'Magnesio sulfato de',1,'2015-09-08 18:56:05','1','2015-09-08 18:56:05','1'),(393,'Cloruro de sodio al 0.9%',1,'2015-09-08 18:56:05','1','2015-09-08 18:56:05','1'),(394,'Poligelina',1,'2015-09-08 18:56:05','1','2015-09-08 18:56:05','1'),(395,'Seroalbúmina humana o albúmina humana',1,'2015-09-08 18:56:05','1','2015-09-08 18:56:05','1'),(396,'Almidón',1,'2015-09-08 18:56:05','1','2015-09-08 18:56:05','1'),(397,'Polimerizado de gelatina',1,'2015-09-08 18:56:05','1','2015-09-08 18:56:05','1'),(398,'Agua inyectable',1,'2015-09-08 18:56:05','1','2015-09-08 18:56:05','1'),(399,'L-ornitina-L-aspartato',1,'2015-09-08 18:56:05','1','2015-09-08 18:56:05','1'),(400,'Rimonabant',1,'2015-09-08 18:56:05','1','2015-09-08 18:56:05','1'),(401,'Colágena-Polivinilpirrolidona',1,'2015-09-08 18:56:05','1','2015-09-08 18:56:05','1'),(402,'Rosuvastatina',1,'2015-09-08 18:56:05','1','2015-09-08 18:56:05','1'),(403,'Ezetimiba',1,'2015-09-08 18:56:05','1','2015-09-08 18:56:05','1'),(404,'Ezetimiba-Simvastatina',1,'2015-09-08 18:56:05','1','2015-09-08 18:56:05','1'),(405,'Clonixinato de lisina',1,'2015-09-08 18:56:05','1','2015-09-08 18:56:05','1'),(406,'Capsaicina',1,'2015-09-08 18:56:05','1','2015-09-08 18:56:05','1'),(407,'Etofenamato',1,'2015-09-08 18:56:05','1','2015-09-08 18:56:05','1'),(408,'Prilocaína, felipresina',1,'2015-09-08 18:56:05','1','2015-09-08 18:56:05','1'),(409,'Rocuronio, Bromuro de',1,'2015-09-08 18:56:05','1','2015-09-08 18:56:05','1'),(410,'Cisatracurio, besilato de',1,'2015-09-08 18:56:05','1','2015-09-08 18:56:05','1'),(411,'Irbesartán',1,'2015-09-08 18:56:05','1','2015-09-08 18:56:05','1'),(412,'Irbesartán - hidroclorotiazida',1,'2015-09-08 18:56:05','1','2015-09-08 18:56:05','1'),(413,'Amiodarona',1,'2015-09-08 18:56:05','1','2015-09-08 18:56:05','1'),(414,'Resina de colestiramina',1,'2015-09-08 18:56:05','1','2015-09-08 18:56:05','1'),(415,'Polidocanol',1,'2015-09-08 18:56:05','1','2015-09-08 18:56:05','1'),(416,'Pentoxifilina',1,'2015-09-08 18:56:05','1','2015-09-08 18:56:05','1'),(417,'Isosorbida dinitrato de',1,'2015-09-08 18:56:05','1','2015-09-08 18:56:05','1'),(418,'Isosorbida mononitrato de',1,'2015-09-08 18:56:05','1','2015-09-08 18:56:05','1'),(419,'Tirofiban',1,'2015-09-08 18:56:05','1','2015-09-08 18:56:05','1'),(420,'Simvastatina',1,'2015-09-08 18:56:05','1','2015-09-08 18:56:05','1'),(421,'Sulfadiazina de plata',1,'2015-09-08 18:56:05','1','2015-09-08 18:56:05','1'),(422,'Tacalcitol',1,'2015-09-08 18:56:05','1','2015-09-08 18:56:05','1'),(423,'Pimecrolimus',1,'2015-09-08 18:56:05','1','2015-09-08 18:56:05','1'),(424,'Mometasona',1,'2015-09-08 18:56:05','1','2015-09-08 18:56:05','1'),(425,'Hidroquinona',1,'2015-09-08 18:56:05','1','2015-09-08 18:56:05','1'),(426,'Tretinoína',1,'2015-09-08 18:56:05','1','2015-09-08 18:56:05','1'),(427,'Minociclina',1,'2015-09-08 18:56:05','1','2015-09-08 18:56:05','1'),(428,'Imiquimod',1,'2015-09-08 18:56:05','1','2015-09-08 18:56:05','1'),(429,'Folitropina beta',1,'2015-09-08 18:56:05','1','2015-09-08 18:56:05','1'),(430,'Folitropina alfa o folitropina beta',1,'2015-09-08 18:56:05','1','2015-09-08 18:56:05','1'),(431,'Lutropina alfa',1,'2015-09-08 18:56:05','1','2015-09-08 18:56:05','1'),(432,'Corticotropina',1,'2015-09-08 18:56:05','1','2015-09-08 18:56:05','1'),(433,'Insulina lispro lispro protamina',1,'2015-09-08 18:56:05','1','2015-09-08 18:56:05','1'),(434,'Pioglitazona',1,'2015-09-08 18:56:05','1','2015-09-08 18:56:05','1'),(435,'Rosiglitazona',1,'2015-09-08 18:56:05','1','2015-09-08 18:56:05','1'),(436,'Coriogonadotropina alfa',1,'2015-09-08 18:56:05','1','2015-09-08 18:56:05','1'),(437,'Sitagliptina',1,'2015-09-08 18:56:05','1','2015-09-08 18:56:05','1'),(438,'Vasopresina',1,'2015-09-08 18:56:05','1','2015-09-08 18:56:05','1'),(439,'Gonadotrofinas postmenopáusicas humanas',1,'2015-09-08 18:56:05','1','2015-09-08 18:56:05','1'),(440,'Insulina aspártica',1,'2015-09-08 18:56:05','1','2015-09-08 18:56:05','1'),(441,'Insulina humana de acción intermedia lenta',1,'2015-09-08 18:56:05','1','2015-09-08 18:56:05','1'),(442,'Insulina glargina',1,'2015-09-08 18:56:05','1','2015-09-08 18:56:05','1'),(443,'Fludrocortisona',1,'2015-09-08 18:56:05','1','2015-09-08 18:56:05','1'),(444,'Ácido alendrónico',1,'2015-09-08 18:56:05','1','2015-09-08 18:56:05','1'),(445,'Insulina lispro',1,'2015-09-08 18:56:05','1','2015-09-08 18:56:05','1'),(446,'Raloxifeno',1,'2015-09-08 18:56:05','1','2015-09-08 18:56:05','1'),(447,'Insulina detemir',1,'2015-09-08 18:56:05','1','2015-09-08 18:56:05','1'),(448,'Ácido risedrónico',1,'2015-09-08 18:56:05','1','2015-09-08 18:56:05','1'),(449,'Insulina glulisina',1,'2015-09-08 18:56:05','1','2015-09-08 18:56:05','1'),(450,'Exenatida',1,'2015-09-08 18:56:05','1','2015-09-08 18:56:05','1'),(451,'Teriparatida',1,'2015-09-08 18:56:05','1','2015-09-08 18:56:05','1'),(452,'Neomicina',1,'2015-09-08 18:56:05','1','2015-09-08 18:56:05','1'),(453,'Loperamida',1,'2015-09-08 18:56:05','1','2015-09-08 18:56:05','1'),(454,'Acido ursodeoxicólico',1,'2015-09-08 18:56:05','1','2015-09-08 18:56:05','1'),(455,'Pancreatina',1,'2015-09-08 18:56:05','1','2015-09-08 18:56:05','1'),(456,'Polietilenglicol',1,'2015-09-08 18:56:05','1','2015-09-08 18:56:05','1'),(457,'Tegaserod',1,'2015-09-08 18:56:05','1','2015-09-08 18:56:05','1'),(458,'Nesiritida',1,'2015-09-08 18:56:05','1','2015-09-08 18:56:05','1'),(459,'Dinoprostona',1,'2015-09-08 18:56:05','1','2015-09-08 18:56:05','1'),(460,'Estriol',1,'2015-09-08 18:56:05','1','2015-09-08 18:56:05','1'),(461,'Progesterona',1,'2015-09-08 18:56:05','1','2015-09-08 18:56:05','1'),(462,'Cetroelix',1,'2015-09-08 18:56:05','1','2015-09-08 18:56:05','1'),(463,'Complejo coagulante anti-Inhibidor del factor VIII',1,'2015-09-08 18:56:05','1','2015-09-08 18:56:05','1'),(464,'Fondaparinux',1,'2015-09-08 18:56:05','1','2015-09-08 18:56:05','1'),(465,'Imatinib',1,'2015-09-08 18:56:05','1','2015-09-08 18:56:05','1'),(466,'Hidroxicarbamida',1,'2015-09-08 18:56:05','1','2015-09-08 18:56:05','1'),(467,'Daunorubicina',1,'2015-09-08 18:56:05','1','2015-09-08 18:56:05','1'),(468,'L-asparginasa',1,'2015-09-08 18:56:05','1','2015-09-08 18:56:05','1'),(469,'Etopósido',1,'2015-09-08 18:56:05','1','2015-09-08 18:56:05','1'),(470,'Inmunoglobulina antilinfocitos T humanos',1,'2015-09-08 18:56:05','1','2015-09-08 18:56:05','1'),(471,'Globulina equina antitimocitica humana',1,'2015-09-08 18:56:05','1','2015-09-08 18:56:05','1'),(472,'Mitoxantrona',1,'2015-09-08 18:56:05','1','2015-09-08 18:56:05','1'),(473,'Ciclosporina',1,'2015-09-08 18:56:05','1','2015-09-08 18:56:05','1'),(474,'Ácido aminocaproico',1,'2015-09-08 18:56:05','1','2015-09-08 18:56:05','1'),(475,'Eptacog alfa (Factor de coagulación VII alfa recombinante)',1,'2015-09-08 18:56:05','1','2015-09-08 18:56:05','1'),(476,'Eptacog alfa (Factor de  coagulación VII alfa recombinante)',1,'2015-09-08 18:56:05','1','2015-09-08 18:56:05','1'),(477,'Factor antihemofílico humano',1,'2015-09-08 18:56:05','1','2015-09-08 18:56:05','1'),(478,'Fluvastatina',1,'2015-09-08 18:56:05','1','2015-09-08 18:56:05','1'),(479,'Clopidogrel',1,'2015-09-08 18:56:05','1','2015-09-08 18:56:05','1'),(480,'Abciximab',1,'2015-09-08 18:56:05','1','2015-09-08 18:56:05','1'),(481,'Levofloxacino',1,'2015-09-08 18:56:05','1','2015-09-08 18:56:05','1'),(482,'Vancomicina',1,'2015-09-08 18:56:05','1','2015-09-08 18:56:05','1'),(483,'Moxifloxacino',1,'2015-09-08 18:56:05','1','2015-09-08 18:56:05','1'),(484,'Ceftazidima',1,'2015-09-08 18:56:05','1','2015-09-08 18:56:05','1'),(485,'Talidomida',1,'2015-09-08 18:56:05','1','2015-09-08 18:56:05','1'),(486,'Zidovudina',1,'2015-09-08 18:56:05','1','2015-09-08 18:56:05','1'),(487,'Ofloxacina',1,'2015-09-08 18:56:05','1','2015-09-08 18:56:05','1'),(488,'Ciprofibrato',1,'2015-09-08 18:56:05','1','2015-09-08 18:56:05','1'),(489,'Atazanavir',1,'2015-09-08 18:56:05','1','2015-09-08 18:56:05','1'),(490,'Lamivudina - Zidovudina',1,'2015-09-08 18:56:05','1','2015-09-08 18:56:05','1'),(491,'Enfuvirtida',1,'2015-09-08 18:56:05','1','2015-09-08 18:56:05','1'),(492,'Lamivudina',1,'2015-09-08 18:56:05','1','2015-09-08 18:56:05','1'),(493,'Abacavir',1,'2015-09-08 18:56:05','1','2015-09-08 18:56:05','1'),(494,'Tipranavir',1,'2015-09-08 18:56:05','1','2015-09-08 18:56:05','1'),(495,'Amprenavir',1,'2015-09-08 18:56:05','1','2015-09-08 18:56:05','1'),(496,'Emtricitabina',1,'2015-09-08 18:56:05','1','2015-09-08 18:56:05','1'),(497,'Tenofovir Disoproxil Fumarato o Tenofovir',1,'2015-09-08 18:56:05','1','2015-09-08 18:56:05','1'),(498,'Fosamprenavir',1,'2015-09-08 18:56:05','1','2015-09-08 18:56:05','1'),(499,'Gentamicina colageno',1,'2015-09-08 18:56:05','1','2015-09-08 18:56:05','1'),(500,'Darunavir',1,'2015-09-08 18:56:05','1','2015-09-08 18:56:05','1'),(501,'Linezolid',1,'2015-09-08 18:56:05','1','2015-09-08 18:56:05','1'),(502,'Ertapenem',1,'2015-09-08 18:56:05','1','2015-09-08 18:56:05','1'),(503,'Finasterida',1,'2015-09-08 18:56:05','1','2015-09-08 18:56:05','1'),(504,'Tolterodina',1,'2015-09-08 18:56:05','1','2015-09-08 18:56:05','1'),(505,'Oxibutinina',1,'2015-09-08 18:56:05','1','2015-09-08 18:56:05','1'),(506,'Cilostazol',1,'2015-09-08 18:56:05','1','2015-09-08 18:56:05','1'),(507,'Sildenafil',1,'2015-09-08 18:56:05','1','2015-09-08 18:56:05','1'),(508,'Vardenafil',1,'2015-09-08 18:56:05','1','2015-09-08 18:56:05','1'),(509,'Tadalafil',1,'2015-09-08 18:56:05','1','2015-09-08 18:56:05','1'),(510,'Palivizumab',1,'2015-09-08 18:56:05','1','2015-09-08 18:56:05','1'),(511,'Nilotinib',1,'2015-09-08 18:56:05','1','2015-09-08 18:56:05','1'),(512,'Dasatinib',1,'2015-09-08 18:56:05','1','2015-09-08 18:56:05','1'),(513,'Factor VIII de la coagulación humano',1,'2015-09-08 18:56:05','1','2015-09-08 18:56:05','1'),(514,'Alemtuzumab',1,'2015-09-08 18:56:05','1','2015-09-08 18:56:05','1'),(515,'Acetilcisteína',1,'2015-09-08 18:56:05','1','2015-09-08 18:56:05','1'),(516,'Montelukast',1,'2015-09-08 18:56:05','1','2015-09-08 18:56:05','1'),(517,'Zafirlukast',1,'2015-09-08 18:56:05','1','2015-09-08 18:56:05','1'),(518,'Budesonida',1,'2015-09-08 18:56:05','1','2015-09-08 18:56:05','1'),(519,'Omalizumab',1,'2015-09-08 18:56:05','1','2015-09-08 18:56:05','1'),(520,'Toxina botulínica tipo A',1,'2015-09-08 18:56:05','1','2015-09-08 18:56:05','1'),(521,'Pregabalina',1,'2015-09-08 18:56:05','1','2015-09-08 18:56:05','1'),(522,'Sumatriptán',1,'2015-09-08 18:56:05','1','2015-09-08 18:56:05','1'),(523,'Gabapentina',1,'2015-09-08 18:56:05','1','2015-09-08 18:56:05','1'),(524,'Rizatriptán',1,'2015-09-08 18:56:05','1','2015-09-08 18:56:05','1'),(525,'Zolmitriptano',1,'2015-09-08 18:56:05','1','2015-09-08 18:56:05','1'),(526,'Acetato de glatiramer',1,'2015-09-08 18:56:05','1','2015-09-08 18:56:05','1'),(527,'Donepecilo',1,'2015-09-08 18:56:05','1','2015-09-08 18:56:05','1'),(528,'Eletriptán',1,'2015-09-08 18:56:05','1','2015-09-08 18:56:05','1'),(529,'Abacavir - lamivudina - zidovudina',1,'2015-09-08 18:56:05','1','2015-09-08 18:56:05','1'),(530,'Efavirenz',1,'2015-09-08 18:56:05','1','2015-09-08 18:56:05','1'),(531,'Abacavir-lamivudina',1,'2015-09-08 18:56:05','1','2015-09-08 18:56:05','1'),(532,'Valaciclovir',1,'2015-09-08 18:56:05','1','2015-09-08 18:56:05','1'),(533,'Valganciclovir',1,'2015-09-08 18:56:05','1','2015-09-08 18:56:05','1'),(534,'Zanamivir',1,'2015-09-08 18:56:05','1','2015-09-08 18:56:05','1'),(535,'Adefovir',1,'2015-09-08 18:56:05','1','2015-09-08 18:56:05','1'),(536,'Vitaminas (Polivitaminas) y minerales',1,'2015-09-08 18:56:05','1','2015-09-08 18:56:05','1'),(537,'Selenio',1,'2015-09-08 18:56:05','1','2015-09-08 18:56:05','1'),(538,'Rivastigmina',1,'2015-09-08 18:56:05','1','2015-09-08 18:56:05','1'),(539,'Entecavir',1,'2015-09-08 18:56:05','1','2015-09-08 18:56:05','1'),(540,'Emtricitabina-Tenofovir disoproxil fumarato',1,'2015-09-08 18:56:05','1','2015-09-08 18:56:05','1'),(541,'Hialuronato de sodio',1,'2015-09-08 18:56:05','1','2015-09-08 18:56:05','1'),(542,'Tetracaína',1,'2015-09-08 18:56:05','1','2015-09-08 18:56:05','1'),(543,'Tropicamida',1,'2015-09-08 18:56:05','1','2015-09-08 18:56:05','1'),(544,'Dorzolamida',1,'2015-09-08 18:56:05','1','2015-09-08 18:56:05','1'),(545,'Latanoprost',1,'2015-09-08 18:56:05','1','2015-09-08 18:56:05','1'),(546,'Dorzolamida y timolol',1,'2015-09-08 18:56:05','1','2015-09-08 18:56:05','1'),(547,'Brimonidina',1,'2015-09-08 18:56:05','1','2015-09-08 18:56:05','1'),(548,'Verteporfina',1,'2015-09-08 18:56:05','1','2015-09-08 18:56:05','1'),(549,'Travoprost',1,'2015-09-08 18:56:05','1','2015-09-08 18:56:05','1'),(550,'Brimonidina - timolol',1,'2015-09-08 18:56:05','1','2015-09-08 18:56:05','1'),(551,'Lomustina',1,'2015-09-08 18:56:05','1','2015-09-08 18:56:05','1'),(552,'Dactinomicina',1,'2015-09-08 18:56:05','1','2015-09-08 18:56:05','1'),(553,'Carboplatino',1,'2015-09-08 18:56:05','1','2015-09-08 18:56:05','1'),(554,'Ifosfamida',1,'2015-09-08 18:56:05','1','2015-09-08 18:56:05','1'),(555,'Mesna',1,'2015-09-08 18:56:05','1','2015-09-08 18:56:05','1'),(556,'Idarubicina',1,'2015-09-08 18:56:05','1','2015-09-08 18:56:05','1'),(557,'Vinorelbina',1,'2015-09-08 18:56:05','1','2015-09-08 18:56:05','1'),(558,'Oprelvekina',1,'2015-09-08 18:56:05','1','2015-09-08 18:56:05','1'),(559,'Palonosetrón',1,'2015-09-08 18:56:05','1','2015-09-08 18:56:05','1'),(560,'Granisetron',1,'2015-09-08 18:56:05','1','2015-09-08 18:56:05','1'),(561,'Aprepitant',1,'2015-09-08 18:56:05','1','2015-09-08 18:56:05','1'),(562,'Dexrazoxano',1,'2015-09-08 18:56:05','1','2015-09-08 18:56:05','1'),(563,'Bortezomib',1,'2015-09-08 18:56:05','1','2015-09-08 18:56:05','1'),(564,'Galantamina',1,'2015-09-08 18:56:05','1','2015-09-08 18:56:05','1'),(565,'Escitalopram',1,'2015-09-08 18:56:05','1','2015-09-08 18:56:05','1'),(566,'Fluoxetina',1,'2015-09-08 18:56:05','1','2015-09-08 18:56:05','1'),(567,'Duloxetina',1,'2015-09-08 18:56:05','1','2015-09-08 18:56:05','1'),(568,'Reboxetina',1,'2015-09-08 18:56:05','1','2015-09-08 18:56:05','1'),(569,'Venlafaxina',1,'2015-09-08 18:56:05','1','2015-09-08 18:56:05','1'),(570,'Olanzapina',1,'2015-09-08 18:56:05','1','2015-09-08 18:56:05','1'),(571,'Aripiprazol',1,'2015-09-08 18:56:05','1','2015-09-08 18:56:05','1'),(572,'Aurotiomalato sódico',1,'2015-09-08 18:56:05','1','2015-09-08 18:56:05','1'),(573,'Sulfasalazina',1,'2015-09-08 18:56:05','1','2015-09-08 18:56:05','1'),(574,'Deflazacort',1,'2015-09-08 18:56:05','1','2015-09-08 18:56:05','1'),(575,'Infliximab',1,'2015-09-08 18:56:05','1','2015-09-08 18:56:05','1'),(576,'Etanercept',1,'2015-09-08 18:56:05','1','2015-09-08 18:56:05','1'),(577,'Adalimumab',1,'2015-09-08 18:56:05','1','2015-09-08 18:56:05','1'),(578,'Tocilizumab',1,'2015-09-08 18:56:05','1','2015-09-08 18:56:05','1'),(579,'Leflunomida',1,'2015-09-08 18:56:05','1','2015-09-08 18:56:05','1'),(580,'Linestrenol',1,'2015-09-08 18:56:05','1','2015-09-08 18:56:05','1'),(581,'Teicoplanina',1,'2015-09-08 18:56:05','1','2015-09-08 18:56:05','1'),(582,'Rimantadina',1,'2015-09-08 18:56:05','1','2015-09-08 18:56:05','1'),(583,'Oseltamivir',1,'2015-09-08 18:56:05','1','2015-09-08 18:56:05','1'),(584,'Tigeciclina',1,'2015-09-08 18:56:05','1','2015-09-08 18:56:05','1'),(585,'Piperacilina – tazobactam',1,'2015-09-08 18:56:05','1','2015-09-08 18:56:05','1'),(586,'Cloropiramina',1,'2015-09-08 18:56:05','1','2015-09-08 18:56:05','1'),(587,'Tacrolimus',1,'2015-09-08 18:56:05','1','2015-09-08 18:56:05','1'),(588,'Daclizumab',1,'2015-09-08 18:56:05','1','2015-09-08 18:56:05','1'),(589,'Sirolimus',1,'2015-09-08 18:56:05','1','2015-09-08 18:56:05','1'),(590,'Levosimendan',1,'2015-09-08 18:56:05','1','2015-09-08 18:56:05','1'),(591,'Adenosina',1,'2015-09-08 18:56:05','1','2015-09-08 18:56:05','1'),(592,'Esmolol',1,'2015-09-08 18:56:05','1','2015-09-08 18:56:05','1'),(593,'Atorvastatina',1,'2015-09-08 18:56:05','1','2015-09-08 18:56:05','1'),(594,'Alteplasa',1,'2015-09-08 18:56:05','1','2015-09-08 18:56:05','1'),(595,'Valsartán',1,'2015-09-08 18:56:05','1','2015-09-08 18:56:05','1'),(596,'Tenecteplasa',1,'2015-09-08 18:56:05','1','2015-09-08 18:56:05','1'),(597,'Metoxaleno',1,'2015-09-08 18:56:05','1','2015-09-08 18:56:05','1'),(598,'Antralina',1,'2015-09-08 18:56:05','1','2015-09-08 18:56:05','1'),(599,'Alantoína, alquitrán de hulla y clioquinol',1,'2015-09-08 18:56:05','1','2015-09-08 18:56:05','1'),(600,'Tirotropina alfa',1,'2015-09-08 18:56:05','1','2015-09-08 18:56:05','1'),(601,'Sevelámero',1,'2015-09-08 18:56:05','1','2015-09-08 18:56:05','1'),(602,'Calcitonina',1,'2015-09-08 18:56:05','1','2015-09-08 18:56:05','1'),(603,'Somatropina',1,'2015-09-08 18:56:05','1','2015-09-08 18:56:05','1'),(604,'Metformina',1,'2015-09-08 18:56:05','1','2015-09-08 18:56:05','1'),(605,'Acarbosa',1,'2015-09-08 18:56:05','1','2015-09-08 18:56:05','1'),(606,'Octreotida',1,'2015-09-08 18:56:05','1','2015-09-08 18:56:05','1'),(607,'Somatopina',1,'2015-09-08 18:56:05','1','2015-09-08 18:56:05','1'),(608,'Sucralfato',1,'2015-09-08 18:56:05','1','2015-09-08 18:56:05','1'),(609,'Pantoprazol o Rabeprazol u Omeprazol',1,'2015-09-08 18:56:05','1','2015-09-08 18:56:05','1'),(610,'Omeprazol o Pantoprazol',1,'2015-09-08 18:56:05','1','2015-09-08 18:56:05','1'),(611,'Esomeprazol',1,'2015-09-08 18:56:05','1','2015-09-08 18:56:05','1'),(612,'Terlipresina',1,'2015-09-08 18:56:05','1','2015-09-08 18:56:05','1'),(613,'Urofolitropina',1,'2015-09-08 18:56:05','1','2015-09-08 18:56:05','1'),(614,'Folitropina beta o folitropina alfa',1,'2015-09-08 18:56:05','1','2015-09-08 18:56:05','1'),(615,'Peginterferón alfa-2b',1,'2015-09-08 18:56:05','1','2015-09-08 18:56:05','1'),(616,'Peginterferon alfa 2a',1,'2015-09-08 18:56:05','1','2015-09-08 18:56:05','1'),(617,'Peginterferon2 alfa-2b',1,'2015-09-08 18:56:05','1','2015-09-08 18:56:05','1'),(618,'Piridoxina',1,'2015-09-08 18:56:05','1','2015-09-08 18:56:05','1'),(619,'Ranibizumab',1,'2015-09-08 18:56:05','1','2015-09-08 18:56:05','1'),(620,'Interferón (beta)',1,'2015-09-08 18:56:05','1','2015-09-08 18:56:05','1'),(621,'Factor IX',1,'2015-09-08 18:56:05','1','2015-09-08 18:56:05','1'),(622,'Anticuerpos monoclonales CD3',1,'2015-09-08 18:56:05','1','2015-09-08 18:56:05','1'),(623,'Inmunoglobulina G no modificada',1,'2015-09-08 18:56:05','1','2015-09-08 18:56:05','1'),(624,'Interferón alfa 2a',1,'2015-09-08 18:56:05','1','2015-09-08 18:56:05','1'),(625,'Interferón alfa 2b',1,'2015-09-08 18:56:05','1','2015-09-08 18:56:05','1'),(626,'Aprotinina',1,'2015-09-08 18:56:05','1','2015-09-08 18:56:05','1'),(627,'Factor VIII recombinante',1,'2015-09-08 18:56:05','1','2015-09-08 18:56:05','1'),(628,'Cefalotina',1,'2015-09-08 18:56:05','1','2015-09-08 18:56:05','1'),(629,'Natalizumab',1,'2015-09-08 18:56:05','1','2015-09-08 18:56:05','1'),(630,'Nevirapina',1,'2015-09-08 18:56:05','1','2015-09-08 18:56:05','1'),(631,'Pirimetamina',1,'2015-09-08 18:56:05','1','2015-09-08 18:56:05','1'),(632,'Cefuroxima',1,'2015-09-08 18:56:05','1','2015-09-08 18:56:05','1'),(633,'Imipenem y cilastatina',1,'2015-09-08 18:56:05','1','2015-09-08 18:56:05','1'),(634,'Ganciclovir',1,'2015-09-08 18:56:05','1','2015-09-08 18:56:05','1'),(635,'Didanosina',1,'2015-09-08 18:56:05','1','2015-09-08 18:56:05','1'),(636,'Etravirina',1,'2015-09-08 18:56:05','1','2015-09-08 18:56:05','1'),(637,'Lopinavir-Ritonavir',1,'2015-09-08 18:56:05','1','2015-09-08 18:56:05','1'),(638,'Indinavir',1,'2015-09-08 18:56:05','1','2015-09-08 18:56:05','1'),(639,'Raltegravir',1,'2015-09-08 18:56:05','1','2015-09-08 18:56:05','1'),(640,'Ritonavir',1,'2015-09-08 18:56:05','1','2015-09-08 18:56:05','1'),(641,'Cefepima',1,'2015-09-08 18:56:05','1','2015-09-08 18:56:05','1'),(642,'Saquinavir',1,'2015-09-08 18:56:05','1','2015-09-08 18:56:05','1'),(643,'Meropenem',1,'2015-09-08 18:56:05','1','2015-09-08 18:56:05','1'),(644,'Estavudina',1,'2015-09-08 18:56:05','1','2015-09-08 18:56:05','1'),(645,'Ácido micofenólico',1,'2015-09-08 18:56:05','1','2015-09-08 18:56:05','1'),(646,'Alfa cetoanálogos de aminoácidos',1,'2015-09-08 18:56:05','1','2015-09-08 18:56:05','1'),(647,'Plerixafor',1,'2015-09-08 18:56:05','1','2015-09-08 18:56:05','1'),(648,'Basiliximab',1,'2015-09-08 18:56:05','1','2015-09-08 18:56:05','1'),(649,'Tamsulosina',1,'2015-09-08 18:56:05','1','2015-09-08 18:56:05','1'),(650,'Cefpiroma',1,'2015-09-08 18:56:05','1','2015-09-08 18:56:05','1'),(651,'Quinupristina - dalfopristina',1,'2015-09-08 18:56:05','1','2015-09-08 18:56:05','1'),(652,'Caspofungina',1,'2015-09-08 18:56:05','1','2015-09-08 18:56:05','1'),(653,'Voriconazol',1,'2015-09-08 18:56:05','1','2015-09-08 18:56:05','1'),(654,'Dutasterida',1,'2015-09-08 18:56:05','1','2015-09-08 18:56:05','1'),(655,'Maraviroc',1,'2015-09-08 18:56:05','1','2015-09-08 18:56:05','1'),(656,'Pentamidina',1,'2015-09-08 18:56:05','1','2015-09-08 18:56:05','1'),(657,'Alfa dornasa',1,'2015-09-08 18:56:05','1','2015-09-08 18:56:05','1'),(658,'Beractant',1,'2015-09-08 18:56:05','1','2015-09-08 18:56:05','1'),(659,'Eritropoyetina',1,'2015-09-08 18:56:05','1','2015-09-08 18:56:05','1'),(660,'Fosfolipidos de pulmon  porcino',1,'2015-09-08 18:56:05','1','2015-09-08 18:56:05','1'),(661,'Fosfolipidos de pulmon porcino',1,'2015-09-08 18:56:05','1','2015-09-08 18:56:05','1'),(662,'Antitrombina III',1,'2015-09-08 18:56:05','1','2015-09-08 18:56:05','1'),(663,'Drotrecogin alfa',1,'2015-09-08 18:56:05','1','2015-09-08 18:56:05','1'),(664,'Cloral',1,'2015-09-08 18:56:05','1','2015-09-08 18:56:05','1'),(665,'Flunarizina',1,'2015-09-08 18:56:05','1','2015-09-08 18:56:05','1'),(666,'Nimodipino',1,'2015-09-08 18:56:05','1','2015-09-08 18:56:05','1'),(667,'Vigabatrina',1,'2015-09-08 18:56:05','1','2015-09-08 18:56:05','1'),(668,'Lamotrigina',1,'2015-09-08 18:56:05','1','2015-09-08 18:56:05','1'),(669,'Metoxi-polietilenglicol eritropoyetina beta',1,'2015-09-08 18:56:05','1','2015-09-08 18:56:05','1'),(670,'Topiramato',1,'2015-09-08 18:56:05','1','2015-09-08 18:56:05','1'),(671,'Cromo',1,'2015-09-08 18:56:05','1','2015-09-08 18:56:05','1'),(672,'Manganeso',1,'2015-09-08 18:56:05','1','2015-09-08 18:56:05','1'),(673,'Zinc',1,'2015-09-08 18:56:05','1','2015-09-08 18:56:05','1'),(674,'Oligometales endovenosos.',1,'2015-09-08 18:56:05','1','2015-09-08 18:56:05','1'),(675,'Lípidos intravenosos (Lípidos de cadena larga al 20%; soya ó soya / cártamo)',1,'2015-09-08 18:56:05','1','2015-09-08 18:56:05','1'),(676,'Multivitaminas',1,'2015-09-08 18:56:05','1','2015-09-08 18:56:05','1'),(677,'Dieta polimérica sin fibra',1,'2015-09-08 18:56:05','1','2015-09-08 18:56:05','1'),(678,'Dieta polimérica con fibra',1,'2015-09-08 18:56:05','1','2015-09-08 18:56:05','1'),(679,'Aminoácidos enriquecidos con aminoácidos de cadena ramificada',1,'2015-09-08 18:56:05','1','2015-09-08 18:56:05','1'),(680,'Tiamina',1,'2015-09-08 18:56:05','1','2015-09-08 18:56:05','1'),(681,'Fórmula o Dieta Inmunorreguladora',1,'2015-09-08 18:56:05','1','2015-09-08 18:56:05','1'),(682,'Fórmula de inicio libre de fenilalanina',1,'2015-09-08 18:56:05','1','2015-09-08 18:56:05','1'),(683,'Fórmula de seguimiento libre de fenilalanina',1,'2015-09-08 18:56:05','1','2015-09-08 18:56:05','1'),(684,'Fórmula libre de fenilalanina para adolescente y adulto',1,'2015-09-08 18:56:05','1','2015-09-08 18:56:05','1'),(685,'Alimento médico para pacientes con trastorno del ciclo de la urea, recién nacido a 7 años 11 meses de edad',1,'2015-09-08 18:56:05','1','2015-09-08 18:56:05','1'),(686,'Alimento médico para pacientes con trastorno del ciclo de la urea, de 8 años o mayores y adultos',1,'2015-09-08 18:56:05','1','2015-09-08 18:56:05','1'),(687,'Alimento médico para pacientes con acidemia metilmalónica y propiónica, de recién nacidos a 7 años 11 meses de edad',1,'2015-09-08 18:56:05','1','2015-09-08 18:56:05','1'),(688,'Alimento médico para pacientes con acidemia metilmalónica y propiónica, de 8 años o mayores y adultos',1,'2015-09-08 18:56:05','1','2015-09-08 18:56:05','1'),(689,'Alimento médico para pacientes con enfermedad de orina de jarabe de maple (arce), de recién nacidos a 7 años 11 meses de edad',1,'2015-09-08 18:56:05','1','2015-09-08 18:56:05','1'),(690,'Alimento médico para pacientes con enfermedad de orina de jarabe de maple (arce), de 8 años o mayores y adultos',1,'2015-09-08 18:56:05','1','2015-09-08 18:56:05','1'),(691,'Alimento médico para pacientes con homocistinuria, recién nacidos a 7 años 11 meses de edad',1,'2015-09-08 18:56:05','1','2015-09-08 18:56:05','1'),(692,'Alimento médico para pacientes con homocistinuria, de 8 años o mayores y adultos',1,'2015-09-08 18:56:05','1','2015-09-08 18:56:05','1'),(693,'Alimento médico para menores de un año con acidemia isovalerica y otros trastornos del metabolismo de la leucina',1,'2015-09-08 18:56:05','1','2015-09-08 18:56:05','1'),(694,'Alimento médico para niños de 1 a 8 años con acidemia isovalerica y otros trastornos del metabolismo de la leucina',1,'2015-09-08 18:56:05','1','2015-09-08 18:56:05','1'),(695,'Alimento médico para niños de 8 años a adultos con acidemia isovalerica y otros trastornos del metabolismo de la leucina',1,'2015-09-08 18:56:05','1','2015-09-08 18:56:05','1'),(696,'Exemestano',1,'2015-09-08 18:56:05','1','2015-09-08 18:56:05','1'),(697,'Ciproterona',1,'2015-09-08 18:56:05','1','2015-09-08 18:56:05','1'),(698,'Lapatinib',1,'2015-09-08 18:56:05','1','2015-09-08 18:56:05','1'),(699,'Trastuzumab',1,'2015-09-08 18:56:05','1','2015-09-08 18:56:05','1'),(700,'Nilutamida',1,'2015-09-08 18:56:05','1','2015-09-08 18:56:05','1'),(701,'Raltitrexed',1,'2015-09-08 18:56:05','1','2015-09-08 18:56:05','1'),(702,'Flutamida',1,'2015-09-08 18:56:05','1','2015-09-08 18:56:05','1'),(703,'Tropisetrón',1,'2015-09-08 18:56:05','1','2015-09-08 18:56:05','1'),(704,'Molgramostim',1,'2015-09-08 18:56:05','1','2015-09-08 18:56:05','1'),(705,'Megestrol',1,'2015-09-08 18:56:05','1','2015-09-08 18:56:05','1'),(706,'Filgrastim',1,'2015-09-08 18:56:05','1','2015-09-08 18:56:05','1'),(707,'Rituximab',1,'2015-09-08 18:56:05','1','2015-09-08 18:56:05','1'),(708,'Paclitaxel',1,'2015-09-08 18:56:05','1','2015-09-08 18:56:05','1'),(709,'Docetaxel',1,'2015-09-08 18:56:05','1','2015-09-08 18:56:05','1'),(710,'Gemcitabina',1,'2015-09-08 18:56:05','1','2015-09-08 18:56:05','1'),(711,'Amifostina',1,'2015-09-08 18:56:05','1','2015-09-08 18:56:05','1'),(712,'Bicalutamida',1,'2015-09-08 18:56:05','1','2015-09-08 18:56:05','1'),(713,'Estramustina',1,'2015-09-08 18:56:05','1','2015-09-08 18:56:05','1'),(714,'Irinotecan',1,'2015-09-08 18:56:05','1','2015-09-08 18:56:05','1'),(715,'Tegafur - Uracilo',1,'2015-09-08 18:56:05','1','2015-09-08 18:56:05','1'),(716,'Mecloretamina',1,'2015-09-08 18:56:05','1','2015-09-08 18:56:05','1'),(717,'Anastrozol',1,'2015-09-08 18:56:05','1','2015-09-08 18:56:05','1'),(718,'Cinarizina',1,'2015-09-08 18:56:05','1','2015-09-08 18:56:05','1'),(719,'Pegfilgrastim',1,'2015-09-08 18:56:05','1','2015-09-08 18:56:05','1'),(720,'Pemetrexed',1,'2015-09-08 18:56:05','1','2015-09-08 18:56:05','1'),(721,'Tietilperazina',1,'2015-09-08 18:56:05','1','2015-09-08 18:56:05','1'),(722,'Fludarabina',1,'2015-09-08 18:56:05','1','2015-09-08 18:56:05','1'),(723,'Oxaliplatino',1,'2015-09-08 18:56:05','1','2015-09-08 18:56:05','1'),(724,'Capecitabina',1,'2015-09-08 18:56:05','1','2015-09-08 18:56:05','1'),(725,'Buserelina',1,'2015-09-08 18:56:05','1','2015-09-08 18:56:05','1'),(726,'Temozolomida',1,'2015-09-08 18:56:05','1','2015-09-08 18:56:05','1'),(727,'Cultivo BCG',1,'2015-09-08 18:56:05','1','2015-09-08 18:56:05','1'),(728,'Ácido zoledrónico',1,'2015-09-08 18:56:05','1','2015-09-08 18:56:05','1'),(729,'Clodronato disódico',1,'2015-09-08 18:56:05','1','2015-09-08 18:56:05','1'),(730,'Gefitinib',1,'2015-09-08 18:56:05','1','2015-09-08 18:56:05','1'),(731,'Bevacizumab',1,'2015-09-08 18:56:05','1','2015-09-08 18:56:05','1'),(732,'Erlotinib',1,'2015-09-08 18:56:05','1','2015-09-08 18:56:05','1'),(733,'Cetuximab',1,'2015-09-08 18:56:05','1','2015-09-08 18:56:05','1'),(734,'Levomepromazina',1,'2015-09-08 18:56:05','1','2015-09-08 18:56:05','1'),(735,'Sorafenib',1,'2015-09-08 18:56:05','1','2015-09-08 18:56:05','1'),(736,'Paroxetina',1,'2015-09-08 18:56:05','1','2015-09-08 18:56:05','1'),(737,'Sunitinib',1,'2015-09-08 18:56:05','1','2015-09-08 18:56:05','1'),(738,'Zuclopentixol',1,'2015-09-08 18:56:05','1','2015-09-08 18:56:05','1'),(739,'Citalopram',1,'2015-09-08 18:56:05','1','2015-09-08 18:56:05','1'),(740,'Quetiapina',1,'2015-09-08 18:56:05','1','2015-09-08 18:56:05','1'),(741,'Mirtazapina',1,'2015-09-08 18:56:05','1','2015-09-08 18:56:05','1'),(742,'Hidralazina, valproato de magnesio',1,'2015-09-08 18:56:05','1','2015-09-08 18:56:05','1'),(743,'Levamisol',1,'2015-09-08 18:56:05','1','2015-09-08 18:56:05','1'),(744,'Sulindaco',1,'2015-09-08 18:56:05','1','2015-09-08 18:56:05','1'),(745,'Celecoxib',1,'2015-09-08 18:56:05','1','2015-09-08 18:56:05','1'),(746,'Letrozol',1,'2015-09-08 18:56:05','1','2015-09-08 18:56:05','1'),(747,'Galsulfasa',1,'2015-09-08 18:56:05','1','2015-09-08 18:56:05','1'),(748,'Rivaroxabán',1,'2015-09-08 18:56:05','1','2015-09-08 18:56:05','1'),(749,'Imiglucerasa',1,'2015-09-08 18:56:05','1','2015-09-08 18:56:05','1'),(750,'Agalsidasa beta',1,'2015-09-08 18:56:05','1','2015-09-08 18:56:05','1'),(751,'Laronidasa',1,'2015-09-08 18:56:05','1','2015-09-08 18:56:05','1'),(752,'Alglucosidasa alfa',1,'2015-09-08 18:56:05','1','2015-09-08 18:56:05','1'),(753,'Agalsidasa alfa',1,'2015-09-08 18:56:05','1','2015-09-08 18:56:05','1'),(754,'Idursulfasa',1,'2015-09-08 18:56:05','1','2015-09-08 18:56:05','1'),(755,'Dabigatrán etexilato',1,'2015-09-08 18:56:05','1','2015-09-08 18:56:05','1'),(756,'Bosentan',1,'2015-09-08 18:56:05','1','2015-09-08 18:56:05','1'),(757,'Prasugrel',1,'2015-09-08 18:56:05','1','2015-09-08 18:56:05','1'),(758,'Lanreotido',1,'2015-09-08 18:56:05','1','2015-09-08 18:56:05','1'),(759,'Velaglucerasa alfa',1,'2015-09-08 18:56:05','1','2015-09-08 18:56:05','1'),(760,'Lenalidomida',1,'2015-09-08 18:56:05','1','2015-09-08 18:56:05','1'),(761,'Vildagliptina',1,'2015-09-08 18:56:05','1','2015-09-08 18:56:05','1'),(762,'Linagliptina',1,'2015-09-08 18:56:05','1','2015-09-08 18:56:05','1'),(763,'Darbepoetina alfa',1,'2015-09-08 18:56:05','1','2015-09-08 18:56:05','1'),(764,'Clopidogrel, ácido acetilsalicílico',1,'2015-09-08 18:56:05','1','2015-09-08 18:56:05','1'),(765,'Dexlansoprazol',1,'2015-09-08 18:56:05','1','2015-09-08 18:56:05','1'),(766,'Eltrombopag',1,'2015-09-08 18:56:05','1','2015-09-08 18:56:05','1'),(767,'Factor VIII antihemofílico humano, factor de Von Willebrand',1,'2015-09-08 18:56:05','1','2015-09-08 18:56:05','1'),(768,'Efavirenz, emtricitabina, tenofovir fumarato de disoproxilo',1,'2015-09-08 18:56:05','1','2015-09-08 18:56:05','1'),(769,'Mifamurtida',1,'2015-09-08 18:56:05','1','2015-09-08 18:56:05','1'),(770,'Everolimus',1,'2015-09-08 18:56:06','1','2015-09-08 18:56:06','1'),(771,'Lacosamida',1,'2015-09-08 18:56:06','1','2015-09-08 18:56:06','1'),(772,'Rasagilina',1,'2015-09-08 18:56:06','1','2015-09-08 18:56:06','1'),(773,'Anidulafungina',1,'2015-09-08 18:56:06','1','2015-09-08 18:56:06','1'),(774,'Vacuna antineumocóccica',1,'2015-09-08 18:56:06','1','2015-09-08 18:56:06','1'),(775,'Vacuna conjugada neumococica 13-valente',1,'2015-09-08 18:56:06','1','2015-09-08 18:56:06','1'),(776,'Vacuna contra rotavirus',1,'2015-09-08 18:56:06','1','2015-09-08 18:56:06','1'),(777,'Vacuna Pentavalente contra rotavirus',1,'2015-09-08 18:56:06','1','2015-09-08 18:56:06','1'),(778,'Vacuna antirrubéola',1,'2015-09-08 18:56:06','1','2015-09-08 18:56:06','1'),(779,'Vacuna  Antihaemophilus Influenzae tipo b y DPT',1,'2015-09-08 18:56:06','1','2015-09-08 18:56:06','1'),(780,'Vacuna recombinante contra Hepatitis B',1,'2015-09-08 18:56:06','1','2015-09-08 18:56:06','1'),(781,'Vacuna acelular antipertussis, con toxoides diftérico y tetánico adsorbidos, con vacuna antipoliomielítica inactivada y con vacuna conjugada de Haemophilus influenzae tipo b',1,'2015-09-08 18:56:06','1','2015-09-08 18:56:06','1'),(782,'Vacuna recombinante contra la Hepatitis B',1,'2015-09-08 18:56:06','1','2015-09-08 18:56:06','1'),(783,'Inmunoglobulina antihepatitis B',1,'2015-09-08 18:56:06','1','2015-09-08 18:56:06','1'),(784,'Vacuna doble viral (SR) contra sarampión y rubeóla',1,'2015-09-08 18:56:06','1','2015-09-08 18:56:06','1'),(785,'Vacuna BCG',1,'2015-09-08 18:56:06','1','2015-09-08 18:56:06','1'),(786,'Vacuna antipoliomielítica Oral Trivalente tipo Sabin',1,'2015-09-08 18:56:06','1','2015-09-08 18:56:06','1'),(787,'Vacuna antipoliomielítica inactivada',1,'2015-09-08 18:56:06','1','2015-09-08 18:56:06','1'),(788,'Vacuna antipertussis con toxoides diftérico y tetánico (DPT)',1,'2015-09-08 18:56:06','1','2015-09-08 18:56:06','1'),(789,'Vacuna antitifoídica inactivada',1,'2015-09-08 18:56:06','1','2015-09-08 18:56:06','1'),(790,'Vacuna de refuerzo contra difteria, tetanos y tosferina acelular (Tdpa)',1,'2015-09-08 18:56:06','1','2015-09-08 18:56:06','1'),(791,'Toxoides tetánico y diftérico (Td)',1,'2015-09-08 18:56:06','1','2015-09-08 18:56:06','1'),(792,'Vacuna antisarampión',1,'2015-09-08 18:56:06','1','2015-09-08 18:56:06','1'),(793,'Vacuna conjugada antihaemophilus influenzae tipo b',1,'2015-09-08 18:56:06','1','2015-09-08 18:56:06','1'),(794,'Vacuna antirrábica',1,'2015-09-08 18:56:06','1','2015-09-08 18:56:06','1'),(795,'Vacuna atenuada contra varicela',1,'2015-09-08 18:56:06','1','2015-09-08 18:56:06','1'),(796,'Vacuna triple viral (SRP) contra sarampión, rubéola y  parotiditis',1,'2015-09-08 18:56:06','1','2015-09-08 18:56:06','1'),(797,'Vacuna triple viral (SRP) contra sarampión, rubéola y parotiditis',1,'2015-09-08 18:56:06','1','2015-09-08 18:56:06','1'),(798,'Vacuna antiinfluenza',1,'2015-09-08 18:56:06','1','2015-09-08 18:56:06','1'),(799,'Vacuna pentavalente contra difteria, tos ferina, tétanos, hepatitis B, e infecciones invasivas por Haemophilus influenzae tipo b (DPT+HB+Hib)',1,'2015-09-08 18:56:06','1','2015-09-08 18:56:06','1'),(800,'Vacuna contra la Hepatitis A',1,'2015-09-08 18:56:06','1','2015-09-08 18:56:06','1'),(801,'Vacuna contra difteria, tos ferina, tetanos, hepatitis B, poliomielitis y Haemophilus influenzae tipo b',1,'2015-09-08 18:56:06','1','2015-09-08 18:56:06','1'),(802,'Inmunoglobulina humana hiperinmune antitetánica',1,'2015-09-08 18:56:06','1','2015-09-08 18:56:06','1'),(803,'Inmunoglobulina humana normal',1,'2015-09-08 18:56:06','1','2015-09-08 18:56:06','1'),(804,'Inmunoglobulina humana antirrábica',1,'2015-09-08 18:56:06','1','2015-09-08 18:56:06','1'),(805,'Antitoxina diftérica equina',1,'2015-09-08 18:56:06','1','2015-09-08 18:56:06','1'),(806,'Suero antialacrán',1,'2015-09-08 18:56:06','1','2015-09-08 18:56:06','1'),(807,'Suero antiviperino',1,'2015-09-08 18:56:06','1','2015-09-08 18:56:06','1'),(808,'Suero antirrábico equino',1,'2015-09-08 18:56:06','1','2015-09-08 18:56:06','1'),(809,'Antitoxina tetánica equina',1,'2015-09-08 18:56:06','1','2015-09-08 18:56:06','1'),(810,'Faboterápico polivalente antialacrán',1,'2015-09-08 18:56:06','1','2015-09-08 18:56:06','1'),(811,'Faboterápico polivalente antiarácnido',1,'2015-09-08 18:56:06','1','2015-09-08 18:56:06','1'),(812,'Faboterápico polivalente antiviperino',1,'2015-09-08 18:56:06','1','2015-09-08 18:56:06','1'),(813,'Faboterápico polivalente anticoralillo',1,'2015-09-08 18:56:06','1','2015-09-08 18:56:06','1'),(814,'Vacuna contra el virus del papiloma humano',1,'2015-09-08 18:56:06','1','2015-09-08 18:56:06','1'),(815,'Sucedáneo de leche humana de pretérmino',1,'2015-09-08 18:56:06','1','2015-09-08 18:56:06','1'),(816,'Sucedáneo de leche humana de término',1,'2015-09-08 18:56:06','1','2015-09-08 18:56:06','1'),(817,'Sucedáneo de leche humana de término sin lactosa',1,'2015-09-08 18:56:06','1','2015-09-08 18:56:06','1'),(818,'Fórmula de proteína extensamente hidRolizada',1,'2015-09-08 18:56:06','1','2015-09-08 18:56:06','1'),(819,'Fórmula de seguimiento o continuación con o sin probióticos',1,'2015-09-08 18:56:06','1','2015-09-08 18:56:06','1'),(820,'Fórmula de proteína aislada de soya',1,'2015-09-08 18:56:06','1','2015-09-08 18:56:06','1'),(821,'D-Biotina',1,'2015-09-08 18:56:06','1','2015-09-08 18:56:06','1'),(822,'Fórmula de proteína extensamente hidRolizada con triglicéridos de cadena media',1,'2015-09-08 18:56:06','1','2015-09-08 18:56:06','1'),(823,'Fórmula de proteína a base de aminoácidos',1,'2015-09-08 18:56:06','1','2015-09-08 18:56:06','1'),(824,'Dextropropoxifeno',1,'2015-09-08 18:56:06','1','2015-09-08 18:56:06','1'),(825,'Nalbufina',1,'2015-09-08 18:56:06','1','2015-09-08 18:56:06','1'),(826,'Diazepam',1,'2015-09-08 18:56:06','1','2015-09-08 18:56:06','1'),(827,'Flunitrazepam',1,'2015-09-08 18:56:06','1','2015-09-08 18:56:06','1'),(828,'Tiopental sódico',1,'2015-09-08 18:56:06','1','2015-09-08 18:56:06','1'),(829,'Ketamina',1,'2015-09-08 18:56:06','1','2015-09-08 18:56:06','1'),(830,'Fentanilo',1,'2015-09-08 18:56:06','1','2015-09-08 18:56:06','1'),(831,'Etomidato',1,'2015-09-08 18:56:06','1','2015-09-08 18:56:06','1'),(832,'Remifentanilo',1,'2015-09-08 18:56:06','1','2015-09-08 18:56:06','1'),(833,'Hidroxizina',1,'2015-09-08 18:56:06','1','2015-09-08 18:56:06','1'),(834,'Ergometrina (ergonovina)',1,'2015-09-08 18:56:06','1','2015-09-08 18:56:06','1'),(835,'Metenolona',1,'2015-09-08 18:56:06','1','2015-09-08 18:56:06','1'),(836,'Tramadol-paracetamol',1,'2015-09-08 18:56:06','1','2015-09-08 18:56:06','1'),(837,'Buprenorfina',1,'2015-09-08 18:56:06','1','2015-09-08 18:56:06','1'),(838,'Sulfato de Morfina',1,'2015-09-08 18:56:06','1','2016-03-17 11:20:23','1'),(839,'Tramadol',1,'2015-09-08 18:56:06','1','2015-09-08 18:56:06','1'),(840,'Efedrina',1,'2015-09-08 18:56:06','1','2015-09-08 18:56:06','1'),(841,'Midazolam',1,'2015-09-08 18:56:06','1','2015-09-08 18:56:06','1'),(842,'Hidromorfona',1,'2015-09-08 18:56:06','1','2015-09-08 18:56:06','1'),(843,'Codeína con efedrina',1,'2015-09-08 18:56:06','1','2015-09-08 18:56:06','1'),(844,'Carbamazepina',1,'2015-09-08 18:56:06','1','2015-09-08 18:56:06','1'),(845,'Clobazam',1,'2015-09-08 18:56:06','1','2015-09-08 18:56:06','1'),(846,'Alprazolam',1,'2015-09-08 18:56:06','1','2015-09-08 18:56:06','1'),(847,'Fenobarbital',1,'2015-09-08 18:56:06','1','2015-09-08 18:56:06','1'),(848,'Clonazepam',1,'2015-09-08 18:56:06','1','2015-09-08 18:56:06','1'),(849,'Trihexifenidilo',1,'2015-09-08 18:56:06','1','2015-09-08 18:56:06','1'),(850,'Biperideno',1,'2015-09-08 18:56:06','1','2015-09-08 18:56:06','1'),(851,'Levodopa y carbidopa',1,'2015-09-08 18:56:06','1','2015-09-08 18:56:06','1'),(852,'Ergotamina y cafeína',1,'2015-09-08 18:56:06','1','2015-09-08 18:56:06','1'),(853,'Ciclopentolato',1,'2015-09-08 18:56:06','1','2015-09-08 18:56:06','1'),(854,'Triazolam',1,'2015-09-08 18:56:06','1','2015-09-08 18:56:06','1'),(855,'Clorodiazepóxido',1,'2015-09-08 18:56:06','1','2015-09-08 18:56:06','1'),(856,'Trifluoperazina',1,'2015-09-08 18:56:06','1','2015-09-08 18:56:06','1'),(857,'Perfenazina',1,'2015-09-08 18:56:06','1','2015-09-08 18:56:06','1'),(858,'Haloperidol',1,'2015-09-08 18:56:06','1','2015-09-08 18:56:06','1'),(859,'Litio',1,'2015-09-08 18:56:06','1','2015-09-08 18:56:06','1'),(860,'Risperidona',1,'2015-09-08 18:56:06','1','2015-09-08 18:56:06','1'),(861,'Clozapina',1,'2015-09-08 18:56:06','1','2015-09-08 18:56:06','1'),(862,'Imipramina',1,'2015-09-08 18:56:06','1','2015-09-08 18:56:06','1'),(863,'Amitriptilina',1,'2015-09-08 18:56:06','1','2015-09-08 18:56:06','1'),(864,'Oxicodona',1,'2015-09-08 18:56:06','1','2015-09-08 18:56:06','1'),(865,'Flumazenil',1,'2015-09-08 18:56:06','1','2015-09-08 18:56:06','1'),(866,'Isotretinoína',1,'2015-09-08 18:56:06','1','2015-09-08 18:56:06','1'),(867,'Metilfenidato',1,'2015-09-08 18:56:06','1','2015-09-08 18:56:06','1'),(868,'Bromazepam',1,'2015-09-08 18:56:06','1','2015-09-08 18:56:06','1'),(869,'Sertralina',1,'2015-09-08 18:56:06','1','2015-09-08 18:56:06','1'),(870,'Anfebutamona',1,'2015-09-08 18:56:06','1','2015-09-08 18:56:06','1'),(871,'Lorazepam',1,'2015-09-08 18:56:06','1','2015-09-08 18:56:06','1'),(872,'Alprostadil',1,'2015-09-08 18:56:06','1','2015-09-08 18:56:06','1'),(873,'Azilsartán medoxomilo',1,'2015-09-08 18:56:06','1','2015-09-08 18:56:06','1'),(874,'Rifaximina',1,'2015-09-08 18:56:06','1','2015-09-08 18:56:06','1'),(875,'Panitumumab',1,'2015-09-08 18:56:06','1','2015-09-08 18:56:06','1'),(876,'Romiplostin',1,'2015-09-08 18:56:06','1','2015-09-08 18:56:06','1'),(877,'Calcipotriol betametasona',1,'2015-09-08 18:56:06','1','2015-09-08 18:56:06','1'),(878,'Ustekinumab',1,'2015-09-08 18:56:06','1','2015-09-08 18:56:06','1'),(879,'Inmunoglobulina humana normal subcutánea',1,'2015-09-08 18:56:06','1','2015-09-08 18:56:06','1'),(880,'Eritropoyetina humana recombinante',1,'2015-09-08 18:56:06','1','2015-09-08 18:56:06','1'),(881,'Saxagliptina',1,'2015-09-08 18:56:06','1','2015-09-08 18:56:06','1'),(882,'Inmunoglobulina humana',1,'2015-09-08 18:56:06','1','2015-09-08 18:56:06','1'),(883,'Boceprevir',1,'2015-09-08 18:56:06','1','2015-09-08 18:56:06','1'),(884,'Vildagliptina/ metformina',1,'2015-09-08 18:56:06','1','2015-09-08 18:56:06','1'),(885,'Pazopanib',1,'2015-09-08 18:56:06','1','2015-09-08 18:56:06','1'),(886,'Paliperidona',1,'2015-09-08 18:56:06','1','2015-09-08 18:56:06','1'),(887,'Etoricoxib',1,'2015-09-08 18:56:06','1','2015-09-08 18:56:06','1'),(888,'Denosumab',1,'2015-09-08 18:56:06','1','2015-09-08 18:56:06','1'),(889,'Bemiparina',1,'2015-09-08 18:56:06','1','2015-09-08 18:56:06','1'),(890,'Factor VIII de la coagulación sanguínea humano/factor de von willebrand',1,'2015-09-08 18:56:06','1','2015-09-08 18:56:06','1'),(891,'Abatacept',1,'2015-09-08 18:56:06','1','2015-09-08 18:56:06','1'),(892,'Sitagliptina metformina',1,'2015-09-08 18:56:06','1','2015-09-08 18:56:06','1'),(893,'Linagliptina/Metformina',1,'2015-09-08 18:56:06','1','2015-09-08 18:56:06','1'),(894,'Liraglutide',1,'2015-09-08 18:56:06','1','2015-09-08 18:56:06','1'),(895,'Lixisenatida',1,'2015-09-08 18:56:06','1','2015-09-08 18:56:06','1'),(896,'Taliglucerasa Alfa',1,'2015-09-08 18:56:06','1','2015-09-08 18:56:06','1'),(897,'Apixabán',1,'2015-09-08 18:56:06','1','2015-09-08 18:56:06','1'),(898,'Moroctocog alfa',1,'2015-09-08 18:56:06','1','2015-09-08 18:56:06','1'),(899,'Abiraterona',1,'2015-09-08 18:56:06','1','2015-09-08 18:56:06','1'),(900,'Cabazitaxel',1,'2015-09-08 18:56:06','1','2015-09-08 18:56:06','1'),(901,'Crizotinib',1,'2015-09-08 18:56:06','1','2015-09-08 18:56:06','1'),(902,'Certiluzumab pegol',1,'2015-09-08 18:56:06','1','2015-09-08 18:56:06','1'),(903,'Solucíon  Hartmann',1,'2015-09-08 18:56:06','1','2015-09-08 18:56:06','1'),(904,'Amlodipino/Valsartán/hidrocloriatazida',1,'2015-09-08 18:56:06','1','2015-09-08 18:56:06','1'),(905,'Fulvestrant',1,'2015-09-08 18:56:06','1','2015-09-08 18:56:06','1'),(906,'Indacaterol',1,'2015-09-08 18:56:06','1','2015-09-08 18:56:06','1'),(907,'Irbesartán/Amlodipino ',1,'2015-09-08 18:56:06','1','2015-09-08 18:56:06','1'),(908,'Ibersartán/ Amlodipino',1,'2015-09-08 18:56:06','1','2015-09-08 18:56:06','1'),(909,'Terbinafina',1,'2015-09-08 18:56:06','1','2015-09-08 18:56:06','1'),(910,'Octocog alfa( factor VIII de la coagulación sanguínea humana recombinante ADNr',1,'2015-09-08 18:56:06','1','2015-09-08 18:56:06','1'),(911,'Nitisinona',1,'2015-09-08 18:56:06','1','2015-09-08 18:56:06','1'),(912,'Amlodipino, valsartán,hidrocloriazida',1,'2015-09-08 18:56:06','1','2015-09-08 18:56:06','1'),(913,'Vacuna  B.C.G.',1,'2015-09-08 18:56:06','1','2015-09-08 18:56:06','1'),(914,'Vacuna B.C.G',1,'2015-09-08 18:56:06','1','2015-09-08 18:56:06','1'),(915,'Octocog alfa( factor VIII de la cuagulación sanguinea humana recombinante ADNr',1,'2015-09-08 18:56:06','1','2015-09-08 18:56:06','1'),(916,'Iloprost',1,'2015-09-08 18:56:06','1','2015-09-08 18:56:06','1'),(917,'Azacitidina',1,'2015-09-08 18:56:06','1','2015-09-08 18:56:06','1'),(918,'Nutricióm parenteral',1,'2015-09-08 18:56:06','1','2015-09-08 18:56:06','1'),(919,'Bitartrato de Cinitaprida',1,'2015-09-10 18:50:35','1','2015-09-10 18:50:35','1'),(920,'Ibuprofeno',1,'2015-10-12 17:51:52','1','2015-10-12 17:51:52','1'),(921,'Caolín - Pectina',1,'2015-10-12 17:54:24','1','2015-10-12 17:54:24','1'),(1920,'Losartán potásico',1,'2015-10-19 17:22:03','1','2015-10-19 17:22:03','1'),(1921,'Losartan Potásico2',1,'2015-10-19 17:22:42','1','2015-10-19 17:22:42','1'),(1922,'NA',1,'2017-01-04 00:00:00','1','2017-01-04 00:00:00','1');
UNLOCK TABLES;


LOCK TABLES `medicamento` WRITE;
INSERT INTO `medicamento` 
(`idMedicamento`,`claveInstitucional`,`sustanciaActiva`,`idViaAdministracion`,`nombreCorto`,`nombreLargo`,`concentracion`,`idUnidadConcentracion`,`presentacionLaboratorio`,`laboratorio`,`idPresentacionEntrada`,`factorTransformacion`,`idPresentacionSalida`,`idCategoria`,`idSubcategoria`,`grupo`,`indivisible`,`imagenPresentacion`,`nameImage`,`cuadroBasico`,`activo`,`tipo`,`insertFecha`,`insertIdUsuario`,`updateFecha`,`updateIdUsuario`)
VALUES 
 ('064265e8-4420-42f1-97bf-9365e07bd01a','010.000.0502.00',45, 38,'Digoxina Tableta 0.25 mg','Digoxina Tableta 0.25 mg'																,'0.25'	,1,'Envase con 20 tabletas'								,'Pfizer'		,26,20,1,1,3	,'NA'			,0,NULL,NULL,1,1,38	,'2017-07-11','CA952C2E-4D0D-11E7-802B-A434D9558D85',NULL,NULL),
 ('0a785b7b-8b9a-4a13-bdd5-b5bed458b0c6','010.000.2111.00',410,34,'Amlodipino Tableta o capsula  5 mg','Amlodipino Tableta o capsula  5 mg'											,'5'	,1,'Envase con 10 tabletas o  cápsulas.'				,'Pfizer'		,26,10,1,1,3	,'Cardiología'	,0,NULL,NULL,1,1,38	,'2017-07-18','CA952C2E-4D0D-11E7-802B-A434D9558D85',NULL,NULL),
 ('43eb8a41-d70f-4da9-8032-f5a562c66df2','010.000.3046.00',350,22,'Cisplatino Frasco ámpula 10 mg','Cisplatino Frasco ámpula 10 mg envase con frasco ámpula'							,'15'	,1,'Envase con un frasco ámpula.'						,'Pfizer'		,26,1,4,1,12	,'EA'			,0,NULL,NULL,1,1,38	,'2017-07-18','CA952C2E-4D0D-11E7-802B-A434D9558D85',NULL,NULL),
 ('554d2880-9c3a-4391-99f5-9b7479b3297d','010.000.2016.00',197,34,'Ketoconazol Tableta 200 mg','Ketoconazol Tableta 200 mg envase con 10 tabletas'									,'200'	,1,'Envase con 10 tabletas.'							,'Bonima'		,26,1,1,1,6		,'NA'			,0,NULL,NULL,1,1,39	,'2017-07-10','CA952C2E-4D0D-11E7-802B-A434D9558D85',NULL,NULL),
 ('650d1263-2be7-4029-b7ff-01444fe3df85','010.000.0891.00',837,13,'Buprenorfina ampolleta o frasco ampula 0.3 mg','Buprenorfina ampolleta o frasco ampula 0.3 mg envase con 1 ml'	,'0.3'	,1,'Envase con 6  ampolletas'							,'Bayer'		,26,6,4,1,1		,'Fotosensible'	,0,NULL,NULL,1,1,38	,'2017-07-10','CA952C2E-4D0D-11E7-802B-A434D9558D85',NULL,NULL),
 ('6cd94c89-c25f-479b-ac94-78c65eee49af','040.000.4026.00',87,  2,'Miconazol Crema 20 mg','Miconazol Crema 20 mg envase con 20 g'													,'20'	,1,'Envase con 20 g.'									,'Loeffler'		,26,1,27,1,4	,'NA'			,0,NULL,NULL,1,1,39	,'2017-07-11','CA952C2E-4D0D-11E7-802B-A434D9558D85',NULL,NULL),
 ('722973e7-20f4-4afa-aa11-5aaacbffdf17','010.000.0574.00',59, 34,'Captopril Tableta 25 mg','Captopril Tableta 25 mg'																,'25'	,1,'Envase con 30  tabletas.'							,'Pfizer'		,26,30,1,1,1	,'Analgesia'	,0,NULL,NULL,1,0,38	,'2017-07-11','CA952C2E-4D0D-11E7-802B-A434D9558D85',NULL,NULL),
 ('7f52e12d-7d68-475a-847b-9d8e2ceea144','010.000.2247.00',919,34,'Cinitaprida Comprimido 1 mg','Cinitaprida Comprimido 1 mg envase con 25 comprimidos'								,'1'	,1,'Envase con 25 comprimidos'							,'Almiral'		,26,1,5,1,8		,'NA'			,0,NULL,NULL,1,1,39	,'2017-07-19','CA952C2E-4D0D-11E7-802B-A434D9558D85',NULL,NULL),
 ('8197cedb-603d-437e-81e7-5bbf115401cb','010.000.4230.00',469,22,'Etopósido Ampolleta o Frasco ámpula 100 mg','Etopósido Ampolleta o Frasco ámpula 100 mg'							,'100'	,1,'Caja con 4 ampolletas'								,'Grupo Bristol',26,1,3,1,16	,'Fotosensible'	,1,NULL,NULL,1,1,38	,'2017-07-19','CA952C2E-4D0D-11E7-802B-A434D9558D85',NULL,NULL),
 ('92f00f35-861a-4014-a91a-9c302790b8d3','010.000.2135.00',220,34,'Fluconazol Frasco ámpula 100 mg','Fluconazol Frasco ámpula 100 mg envase con frasco ámpula con 50 ml (2 mg/ml)'	,'100'	,1,'Envase con un frasco ámpula con 50 ml (2 mg/ml).'	,'Solarisol'	,26,1,4,1,12	,'NA'			,0,NULL,NULL,1,1,38	,'2017-07-11','CA952C2E-4D0D-11E7-802B-A434D9558D85',NULL,NULL),
 ('f09bd926-43ac-4364-b4f7-b8c687c15a0a','040.000.0107.00',824,34,'Dextropropoxifeno Cápsula o comprimido 65 mg','Dextropropoxifeno Cápsula o comprimido 65 mg'						,'65'	,1,'Envase con 20   cápsulas o  comprimidos.'			,'Pfizer'		,26,20,2,1,1	,'NA'			,0,NULL,NULL,1,1,38	,'2017-07-11','CA952C2E-4D0D-11E7-802B-A434D9558D85',NULL,NULL);
UNLOCK TABLES;



LOCK TABLES `categoriaMedicamento` WRITE;
INSERT INTO `categoriaMedicamento` VALUES 
('1','Cuadro Basico','1','2015-05-18 17:03:12','CA952C2E-4D0D-11E7-802B-A434D9558D85',NULL, NULL),
('2','Seguro Popular','1','2015-05-18 17:03:12','CA952C2E-4D0D-11E7-802B-A434D9558D85',NULL, NULL), 
('3','Fuera de Cuadros Básicos','1','2015-05-18 17:03:12','CA952C2E-4D0D-11E7-802B-A434D9558D85',NULL, NULL);
UNLOCK TABLES;


LOCK TABLES `presentacionMedicamento` WRITE;
INSERT INTO `presentacionMedicamento` VALUES (1,'TABLETAS',1,'2015-05-18 17:01:16','1','2015-09-10 13:48:26','1'),(2,'CAPSULA',1,'2015-06-17 11:57:32','1','2015-08-14 01:22:05','1'),(3,'AMPOLLETAS',1,'2015-06-19 11:12:39','1','2015-08-14 01:22:14','1'),(4,'FRASCO AMP.',1,'2015-06-22 12:10:17','1','2015-08-14 01:22:22','1'),(5,'Comprimido',1,'2015-06-26 12:05:13','1','2015-08-14 01:22:33','1'),(6,'Parche',1,'2015-07-07 19:16:50','1','2015-08-14 01:22:42','1'),(7,'Frasco',1,'2015-08-03 13:31:48','1','2015-08-14 01:22:51','1'),(8,'Pasta',1,'2015-08-03 14:21:44','1','2015-08-14 01:23:03','1'),(9,'Solución',1,'2015-08-14 00:59:49','1','2015-08-14 01:23:12','1'),(10,'Ovulo',1,'2015-08-14 01:23:21','1','2015-08-14 01:23:21','1'),(11,'Tableta vaginal',1,'2015-08-14 01:23:28','1','2015-08-14 01:23:28','1'),(12,'Gel',1,'2015-08-14 01:23:35','1','2015-08-14 01:23:35','1'),(13,'Aerosol',1,'2015-08-14 01:23:41','1','2015-08-14 01:23:41','1'),(14,'Pomada',1,'2015-08-14 01:23:48','1','2015-08-14 01:23:48','1'),(15,'Jeringa',1,'2015-08-14 01:24:27','1','2015-08-14 01:24:27','1'),(16,'Crema',1,'2015-08-14 01:24:35','1','2015-08-14 01:24:35','1'),(17,'Suspensión',1,'2015-08-14 01:24:42','1','2015-08-14 01:24:42','1'),(18,'Polvo',1,'2015-08-14 01:24:49','1','2015-08-14 01:24:49','1'),(19,'Emulsión',1,'2015-08-14 01:24:56','1','2015-08-14 01:24:56','1'),(20,'Loción',1,'2015-08-14 01:25:04','1','2015-08-14 01:25:04','1'),(21,'ünguento',1,'2015-08-14 01:25:11','1','2015-08-14 01:25:11','1'),(22,'GRAGEAS',1,'2015-08-14 01:25:18','1','2015-08-14 01:25:18','1'),(23,'Supositorio',1,'2015-08-14 01:25:25','1','2015-08-14 01:25:25','1'),(24,'Perla',1,'2015-08-14 01:25:46','1','2015-08-14 01:25:46','1'),(25,'Inhalador',1,'2015-08-14 01:26:05','1','2015-08-14 01:26:05','1'),(26,'Caja',1,'2015-08-27 12:51:34','1','2015-08-27 12:51:34','1'),(27,'Tubo',1,'2015-09-10 17:18:26','1','2015-09-10 17:18:26','1'),(28,'Envase',1,'2016-04-06 15:13:38','1','2016-04-06 15:13:38','1'),(29,'AMP',1,'2017-02-22 18:35:00','1','2017-02-22 18:35:00','1'),(33,'VIAL',1,'2017-02-22 18:37:00','1','2017-02-22 18:37:00','1'),(34,'SOBRE',1,'2017-02-22 18:37:00','1','2017-02-22 18:37:00','1'),(35,'TARRO',1,'2017-02-22 18:37:00','1','2017-02-22 18:37:00','1'),(37,'FCO.AMP.',1,'2017-02-22 18:38:00','1','2017-02-22 18:38:00','1'),(38,'BOLSA',1,'2017-02-22 18:40:00','1','2017-02-22 18:40:00','1'),(39,'TABLETA',1,'2017-02-23 04:36:20','1','2017-02-23 04:36:20','1'),(40,'FRASCO AMP',1,'2017-02-23 04:36:21','1','2017-02-23 04:36:21','1'),(41,'AMPOLLETA',1,'2017-02-23 04:37:10','1','2017-02-23 04:37:10','1');
UNLOCK TABLES;



LOCK TABLES `subcategoriaMedicamento` WRITE;
INSERT INTO `subcategoriaMedicamento` VALUES (1,1,'Analgesica',1,'2015-05-18 17:06:48','1','2015-09-10 13:51:57','1'),(2,1,'Anestecia',1,'2015-05-18 18:29:58','1','2015-08-14 01:48:36','1'),(3,1,'Cardiología',1,'2015-05-18 18:30:45','1','2015-08-14 01:49:07','1'),(4,1,'Dermatología',1,'2015-06-19 11:38:27','1','2015-08-14 01:49:23','1'),(5,1,'Endocrinología y Metabolismo',1,'2015-06-23 13:42:41','1','2015-08-14 01:43:38','1'),(6,1,'Enfermedades Infecciosas y Parasitarias',1,'2015-06-26 12:56:34','1','2015-08-14 01:49:38','1'),(7,1,'Enfermedades Inmunoalergicas',1,'2015-06-26 12:58:03','1','2015-08-14 01:50:17','1'),(8,1,'Gastroenterologia',1,'2015-08-03 16:20:17','1','2015-08-14 01:52:15','1'),(9,1,'Gineco-Obstetricia',1,'2015-08-03 16:26:25','1','2015-08-14 01:52:37','1'),(10,1,'Hematología',1,'2015-09-10 16:53:59','1','2015-09-10 16:53:59','1'),(11,1,'Intoxicaciones',1,'2015-09-10 17:44:07','1','2015-09-10 17:44:07','1'),(12,1,'Nefrología y Urología',1,'2015-09-10 18:22:15','1','2015-09-10 18:22:15','1'),(13,1,'Neumología',1,'2015-09-10 18:35:22','1','2015-09-10 18:35:22','1'),(14,1,'Neurología',1,'2015-09-10 18:46:38','1','2015-09-10 18:46:38','1'),(15,1,'Oftalmología',1,'2015-09-10 18:54:00','1','2015-09-10 18:54:00','1'),(16,1,'Oncología',1,'2015-10-29 11:13:39','1','2015-10-29 11:13:39','1'),(17,1,'Otorrinolaringología',1,'2016-03-17 11:16:43','1','2016-03-17 11:16:43','1'),(18,1,'Planificación Familiar',1,'2016-03-17 11:17:00','1','2016-03-17 11:17:00','1'),(19,1,'Psiquiatria',1,'2016-03-17 11:17:16','1','2016-03-17 11:17:16','1'),(20,1,'Reumatología y traumatología',1,'2017-02-22 20:05:00','1','2017-02-22 20:05:00','1'),(21,1,'Soluciones electrolíticas y Sustitutos del plasma',1,'2017-02-22 20:05:00','1','2017-02-22 20:05:00','1');
UNLOCK TABLES;



LOCK TABLES `unidadConcentracion` WRITE;
INSERT INTO `unidadConcentracion` VALUES (1,'mg','2017-02-22 20:05:00','1',NULL,NULL),(2,'ml','2017-02-22 20:05:00','1',NULL,NULL),(3,'unidades','2017-02-22 20:05:00','1',NULL,NULL),(4,'g','2017-02-22 20:05:00','1',NULL,NULL);
UNLOCK TABLES;



LOCK TABLES `viaAdministracion` WRITE;
INSERT INTO `viaAdministracion` VALUES (1,'Cutánea en glándula mamaria','2017-02-22 20:05:00','1',NULL,NULL),(2,'Cutánea/local','2017-02-22 20:05:00','1',NULL,NULL),(3,'Enteral a través de sonda','2017-02-22 20:05:00','1',NULL,NULL),(4,'Epidural','2017-02-22 20:05:00','1',NULL,NULL),(5,'Implante (en el sitio de infección)','2017-02-22 20:05:00','1',NULL,NULL),(6,'Implante subcutáneo','2017-02-22 20:05:00','1',NULL,NULL),(7,'Infiltración','2017-02-22 20:05:00','1',NULL,NULL),(8,'Inhalación','2017-02-22 20:05:00','1',NULL,NULL),(9,'Intraarticular','2017-02-22 20:05:00','1',NULL,NULL),(10,'Intracavitaria','2017-02-22 20:05:00','1',NULL,NULL),(11,'Intradérmica','2017-02-22 20:05:00','1',NULL,NULL),(12,'Intralesional','2017-02-22 20:05:00','1',NULL,NULL),(13,'Intramuscular','2017-02-22 20:05:00','1',NULL,NULL),(14,'Intramuscular profunda y lenta','2017-02-22 20:05:00','1',NULL,NULL),(15,'Intranasal','2017-02-22 20:05:00','1',NULL,NULL),(16,'Intraocular','2017-02-22 20:05:00','1',NULL,NULL),(17,'Intraperitoneal','2017-02-22 20:05:00','1',NULL,NULL),(18,'Intrarraquídea','2017-02-22 20:05:00','1',NULL,NULL),(19,'Intratecal','2017-02-22 20:05:00','1',NULL,NULL),(20,'Intratumoral ','2017-02-22 20:05:00','1',NULL,NULL),(21,'Intrauterina','2017-02-22 20:05:00','1',NULL,NULL),(22,'Intravenosa','2017-02-22 20:05:00','1',NULL,NULL),(23,'Intravenosa en bolo','2017-02-22 20:05:00','1',NULL,NULL),(24,'Intravenosa en infusión','2017-02-22 20:05:00','1',NULL,NULL),(25,'Intravenosa lenta','2017-02-22 20:05:00','1',NULL,NULL),(26,'Intravenosa por infusión periférica','2017-02-22 20:05:00','1',NULL,NULL),(27,'Intravenosa, por catéter venoso central','2017-02-22 20:05:00','1',NULL,NULL),(28,'Intravesical','2017-02-22 20:05:00','1',NULL,NULL),(29,'Intravítrea.','2017-02-22 20:05:00','1',NULL,NULL),(30,'Mucocutánea','2017-02-22 20:05:00','1',NULL,NULL),(31,'Nasal','2017-02-22 20:05:00','1',NULL,NULL),(32,'Nasal con nebulización','2017-02-22 20:05:00','1',NULL,NULL),(33,'Oftálmica','2017-02-22 20:05:00','1',NULL,NULL),(34,'Oral','2017-02-22 20:05:00','1',NULL,NULL),(35,'Otica','2017-02-22 20:05:00','1',NULL,NULL),(36,'Rectal','2017-02-22 20:05:00','1',NULL,NULL),(37,'Subcutánea','2017-02-22 20:05:00','1',NULL,NULL),(38,'Sublingual','2017-02-22 20:05:00','1',NULL,NULL),(39,'Tópica','2017-02-22 20:05:00','1',NULL,NULL),(40,'Transdermica','2017-02-22 20:05:00','1',NULL,NULL),(41,'Vaginal','2017-02-22 20:05:00','1',NULL,NULL);
UNLOCK TABLES;



--
-- = = = = = = = = = = = END MODULO MEDICAMENTO = = = = = = = = = = =
--



--------------------------------------------------------------------------------
-- PRESCRIPCIONES

INSERT INTO `estatusPaciente` (`idestatusPaciente`, `estatusPaciente`, `insertFecha`, `insertIdUsuario`) VALUES 
('1', 'Registrado', '2017-07-07 00:00:00.000', 'CA952C2E-4D0D-11E7-802B-A434D9558D85'),
('2', 'Ingresado', '2017-07-07 00:00:00.000', 'CA952C2E-4D0D-11E7-802B-A434D9558D85'),
('3', 'Asignación a Servicio', '2017-07-07 00:00:00.000', 'CA952C2E-4D0D-11E7-802B-A434D9558D85'),
('4', 'Asignación a Cama', '2017-07-07 00:00:00.000', 'CA952C2E-4D0D-11E7-802B-A434D9558D85'),
('5', 'Egreso', '2017-07-07 00:00:00.000', 'CA952C2E-4D0D-11E7-802B-A434D9558D85');


INSERT INTO paciente VALUES
( 'c9a39722-71f8-11e7-9ae3-525400dd67aa' ,	'prueba2' ,	'prueba2' ,	'prueba2',	'M' , '2017-07-21 03:00:32' , 'XAXX010101000' ,	'XAXX010111HSPMRC19',	1 ,	'9807040' ,	'CLAVE1234' , 1 , 0 , '123456' , 1 , 1 , 1 , 1 , 1 , 1 , 1 , 1 , '980704e1-7136-11e7-9ae3-525400dd67aa' , 'a0fec795-71f9-11e7-9ae3-525400dd67aa' , '2017-07-21 03:00:32' , 'CA952C2E-4D0D-11E7-802B-A434D9558D85' , NULL , NULL ),
( 'c9a39e12-71f8-11e7-9ae3-525400dd67aa' ,	'prueba2' ,	'prueba2' ,	'prueba2',	'M' , '2017-07-21 03:00:32' , 'XAXX010101001' ,	'XAXX010111HSPMRC20',	1 ,	'9807041' ,	'CLAVE1235' , 1 , 0 , '123457' , 1 , 1 , 1 , 1 , 1 , 1 , 1 , 1 , '980704e1-7136-11e7-9ae3-525400dd67aa' , 'a0fec795-71f9-11e7-9ae3-525400dd67aa' , '2017-07-21 03:00:32' , 'CA952C2E-4D0D-11E7-802B-A434D9558D85' , NULL , NULL ),
( '0cf461e7-71fa-11e7-9ae3-525400dd67aa' ,	'prueba3' ,	'prueba3' ,	'prueba3',	'f' , '2017-07-21 03:00:32' , 'XAXX010101002' ,	'XAXX010121HSPMRC21',	1 ,	'9807042' ,	'CLAVE1236' , 1 , 0 , '123458' , 1 , 1 , 1 , 1 , 1 , 1 , 1 , 1 , 'a0fec795-71f9-11e7-9ae3-525400dd67aa' , NULL , '2017-07-21 03:00:32' , 'CA952C2E-4D0D-11E7-802B-A434D9558D85' , NULL , NULL );

-- todo
-- UPDATE `paciente` SET `idUnidadMedica`='980704e1-7136-11e7-9ae3-525400dd67aa' WHERE `idPaciente`='ab7ea948-6dea-11e7-9ae3-525400dd67aa';



INSERT INTO `prescripcion` VALUES
( 'f0d9c9ca-739e-11e7-87f9-a434d9558d85', 'f0d9c9e6-739e-11e7-87f9-a434d9558d85', 'c9a39722-71f8-11e7-9ae3-525400dd67aa', '2', now(), now(),'N','I','9BBD4014-6ACE-11E7-9AE3-525400DD67AA',0,'Paciente presenta dolor abdominal intenso',2,now(),'CA952C2E-4D0D-11E7-802B-A434D9558D85',null,null),
( 'b0940e72-739e-11e7-87f9-a434d9558d85', 'b0940e9a-739e-11e7-87f9-a434d9558d85', 'ab7ea948-6dea-11e7-9ae3-525400dd67aa', '1', now(), now(),'N','I','9BBD4014-6ACE-11E7-9AE3-525400DD67AA',0,'Paciente presenta dolor abdominal intenso',2,now(),'CA952C2E-4D0D-11E7-802B-A434D9558D85',null,null);



INSERT INTO `diagnostico` VALUES
('644adb47-77a7-11e7-87f9-a434d9558d85', 'Enfermedades del Estomago', 'Enfermedades del Estomago',1, '2017-08-02 12:25:02', 'CA952C2E-4D0D-11E7-802B-A434D9558D85', null, null),
('8532731a-77a9-11e7-87f9-a434d9558d85', 'Enfermedades de la cabeza ', 'Enfermedades de la cabeza',1, '2017-08-02 12:25:02', 'CA952C2E-4D0D-11E7-802B-A434D9558D85', null, null),
('89a24bc1-77a9-11e7-87f9-a434d9558d85', 'Enfermedades de la Piel', 'Enfermedades de la Piel',1, '2017-08-02 12:25:02', 'CA952C2E-4D0D-11E7-802B-A434D9558D85', null, null),
('94ac2154-77a9-11e7-87f9-a434d9558d85', 'Enfermedades del corazón', 'Enfermedades del corazón',1, '2017-08-02 12:25:02', 'CA952C2E-4D0D-11E7-802B-A434D9558D85', null, null);


INSERT INTO `estatusPrescripcion` (`idEstatusPrescripcion`, `estatus`, `insertFecha`, `insertIdUsuario`) VALUES 
('1', 'Registrada', '2017-07-07 00:00:00.000', 'CA952C2E-4D0D-11E7-802B-A434D9558D85'),
('2', 'Pendiente', '2017-07-07 00:00:00.000', 'CA952C2E-4D0D-11E7-802B-A434D9558D85'),
('3', 'Firmada', '2017-07-07 00:00:00.000', 'CA952C2E-4D0D-11E7-802B-A434D9558D85'),
('4', 'Surtida Parcial', '2017-07-07 00:00:00.000', 'CA952C2E-4D0D-11E7-802B-A434D9558D85'),
('5', 'Cancelada', '2017-07-07 00:00:00.000', 'CA952C2E-4D0D-11E7-802B-A434D9558D85'),
('6', 'Devolución Parcial', '2017-07-07 00:00:00.000', 'CA952C2E-4D0D-11E7-802B-A434D9558D85'),
('7', 'Devolución', '2017-07-07 00:00:00.000', 'CA952C2E-4D0D-11E7-802B-A434D9558D85'),
('8', 'Receibida Parcial', '2017-07-07 00:00:00.000', 'CA952C2E-4D0D-11E7-802B-A434D9558D85'),
('9', 'Receibida', '2017-07-07 00:00:00.000', 'CA952C2E-4D0D-11E7-802B-A434D9558D85'),
('10', 'Ministrada', '2017-07-07 00:00:00.000', 'CA952C2E-4D0D-11E7-802B-A434D9558D85'),
('11', 'Ministrada Parcial', '2017-07-07 00:00:00.000', 'CA952C2E-4D0D-11E7-802B-A434D9558D85');

