CREATE DATABASE  IF NOT EXISTS `unidosis` /*!40100 DEFAULT CHARACTER SET utf8 COLLATE utf8_unicode_ci */;
USE `unidosis`;

-- MySQL dump 10.13  Distrib 5.7.12, for Win64 (x86_64)
--
-- Host: localhost    Database: unidosis
-- ------------------------------------------------------
-- Server version	5.7.14-log

/*!40101 SET @OLD_CHARACTER_SET_CLIENT=@@CHARACTER_SET_CLIENT */;
/*!40101 SET @OLD_CHARACTER_SET_RESULTS=@@CHARACTER_SET_RESULTS */;
/*!40101 SET @OLD_COLLATION_CONNECTION=@@COLLATION_CONNECTION */;
/*!40101 SET NAMES utf8 */;
/*!40103 SET @OLD_TIME_ZONE=@@TIME_ZONE */;
/*!40103 SET TIME_ZONE='+00:00' */;
/*!40014 SET @OLD_UNIQUE_CHECKS=@@UNIQUE_CHECKS, UNIQUE_CHECKS=0 */;
/*!40014 SET @OLD_FOREIGN_KEY_CHECKS=@@FOREIGN_KEY_CHECKS, FOREIGN_KEY_CHECKS=0 */;
/*!40101 SET @OLD_SQL_MODE=@@SQL_MODE, SQL_MODE='NO_AUTO_VALUE_ON_ZERO' */;
/*!40111 SET @OLD_SQL_NOTES=@@SQL_NOTES, SQL_NOTES=0 */;

--
-- Table structure for table `acciones`
--

DROP TABLE IF EXISTS `acciones`;
/*!40101 SET @saved_cs_client     = @@character_set_client */;
/*!40101 SET character_set_client = utf8 */;
CREATE TABLE `acciones` (
  `IDACCION` varchar(36) COLLATE utf8_unicode_ci NOT NULL,
  `NOMBRE` varchar(20) COLLATE utf8_unicode_ci NOT NULL,
  `DESCRIPCION` varchar(45) COLLATE utf8_unicode_ci DEFAULT '',
  `ACTIVO` int(11) NOT NULL,
  `INSERTFECHA` datetime NOT NULL,
  `INSERTIDUSUARIO` varchar(36) COLLATE utf8_unicode_ci NOT NULL,
  `UPDATEFECHA` datetime DEFAULT NULL,
  `UPDATEIDUSUARIO` varchar(36) COLLATE utf8_unicode_ci DEFAULT NULL,
  PRIMARY KEY (`IDACCION`),
  UNIQUE KEY `ACCIONNOMBRE_UNIQUE` (`NOMBRE`)
) ENGINE=InnoDB DEFAULT CHARSET=utf8 COLLATE=utf8_unicode_ci COMMENT='ALMACENA ACCIONES POSIBLES DENTRO DE UNA TRANSACCION';
/*!40101 SET character_set_client = @saved_cs_client */;

--
-- Dumping data for table `acciones`
--

LOCK TABLES `acciones` WRITE;
/*!40000 ALTER TABLE `acciones` DISABLE KEYS */;
INSERT INTO `acciones` VALUES ('000BEBFD-4D16-11E7-802B-A434D9558D85','CREAR','PERMISO PARA CREAR REGISTROS',1,'2017-06-09 08:17:34','CA952C2E-4D0D-11E7-802B-A434D9558D85',NULL,NULL),('000C0030-4D16-11E7-802B-A434D9558D85','VER','PERMISO PARA CONSULTAR REGISTROS',1,'2017-06-09 08:17:34','CA952C2E-4D0D-11E7-802B-A434D9558D85',NULL,NULL),('000C0245-4D16-11E7-802B-A434D9558D85','EDITAR','PERMISO PARA EDITAR REGISTROS',1,'2017-06-09 08:17:34','CA952C2E-4D0D-11E7-802B-A434D9558D85',NULL,NULL),('000C0359-4D16-11E7-802B-A434D9558D85','ELIMINAR','PERMISO PARA ELIMINAR REGISTROS',1,'2017-06-09 08:17:34','CA952C2E-4D0D-11E7-802B-A434D9558D85',NULL,NULL),('000C0456-4D16-11E7-802B-A434D9558D85','PROCESAR','PERMISO PARA PROCESAR REGISTROS',1,'2017-06-09 08:17:34','CA952C2E-4D0D-11E7-802B-A434D9558D85',NULL,NULL),('000C0557-4D16-11E7-802B-A434D9558D85','AUTORIZAR','PERMISO PARA AUTORIZACIÓN DE PROCESOS',1,'2017-06-09 08:17:34','CA952C2E-4D0D-11E7-802B-A434D9558D85',NULL,NULL);
/*!40000 ALTER TABLE `acciones` ENABLE KEYS */;
UNLOCK TABLES;

--
-- Table structure for table `estructura`
--

DROP TABLE IF EXISTS `estructura`;
/*!40101 SET @saved_cs_client     = @@character_set_client */;
/*!40101 SET character_set_client = utf8 */;
CREATE TABLE `estructura` (
  `IDESTRUCTURA` varchar(36) COLLATE utf8_unicode_ci NOT NULL,
  `IDESTRUCTURAPADRE` varchar(36) COLLATE utf8_unicode_ci NOT NULL,
  `NOMBRE` varchar(60) COLLATE utf8_unicode_ci NOT NULL,
  `DESCRIPCION` varchar(200) COLLATE utf8_unicode_ci NOT NULL,
  `ACTIVA` int(1) NOT NULL,
  `TIPOINSTITUCION` int(2) NOT NULL,
  `INSERTFECHA` datetime NOT NULL,
  `INSERTIDUSUARIO` varchar(36) COLLATE utf8_unicode_ci NOT NULL,
  `UPDATEFECHA` datetime NOT NULL,
  `UPDATEIDUSUARIO` varchar(36) COLLATE utf8_unicode_ci DEFAULT NULL,
  PRIMARY KEY (`IDESTRUCTURA`)
) ENGINE=InnoDB DEFAULT CHARSET=utf8 COLLATE=utf8_unicode_ci;
/*!40101 SET character_set_client = @saved_cs_client */;

--
-- Dumping data for table `estructura`
--

LOCK TABLES `estructura` WRITE;
/*!40000 ALTER TABLE `estructura` DISABLE KEYS */;
/*!40000 ALTER TABLE `estructura` ENABLE KEYS */;
UNLOCK TABLES;

--
-- Table structure for table `logs`
--

DROP TABLE IF EXISTS `logs`;
/*!40101 SET @saved_cs_client     = @@character_set_client */;
/*!40101 SET character_set_client = utf8 */;
CREATE TABLE `logs` (
  `IDESTRUCTURA` varchar(36) COLLATE utf8_unicode_ci NOT NULL,
  `IDTRANSACCION` varchar(36) COLLATE utf8_unicode_ci NOT NULL,
  `IDUSUARIO` varchar(36) COLLATE utf8_unicode_ci NOT NULL,
  `FECHAHORA` datetime NOT NULL,
  `NIVEL` varchar(10) COLLATE utf8_unicode_ci NOT NULL,
  `IP` varchar(45) COLLATE utf8_unicode_ci NOT NULL,
  `SO` varchar(45) COLLATE utf8_unicode_ci NOT NULL,
  `CLIENTE` varchar(45) COLLATE utf8_unicode_ci NOT NULL,
  `TEXTO` varchar(299) COLLATE utf8_unicode_ci NOT NULL,
  PRIMARY KEY (`IDESTRUCTURA`,`IDTRANSACCION`,`IDUSUARIO`)
) ENGINE=InnoDB DEFAULT CHARSET=utf8 COLLATE=utf8_unicode_ci COMMENT='REGISTRA LOGS';
/*!40101 SET character_set_client = @saved_cs_client */;

--
-- Dumping data for table `logs`
--

LOCK TABLES `logs` WRITE;
/*!40000 ALTER TABLE `logs` DISABLE KEYS */;
INSERT INTO `logs` VALUES ('0281fe98-aa92-43d4-84f3-3c9b8d4d0937','Inicio Sesión','CA952C2E-4D0D-11E7-802B-A434D9558D85','2017-06-27 02:54:34','INFO','0:0:0:0:0:0:0:1','0:0:0:0:0:0:0:1','0:0:0:0:0:0:0:1','LOGIN'),('02b8795a-eb76-4c11-b4b1-bff2cb9f9f81','Inicio Sesión','CA952C2E-4D0D-11E7-802B-A434D9558D85','2017-06-27 01:35:47','INFO','0:0:0:0:0:0:0:1','0:0:0:0:0:0:0:1','0:0:0:0:0:0:0:1','LOGIN'),('06190B67-9F62-4234-BF9E-4A7E57DA76E5','INICIO SESIÓN','CA952C2E-4D0D-11E7-802B-A434D9558D85','2017-06-23 14:36:54','INFO','0:0:0:0:0:0:0:1','0:0:0:0:0:0:0:1','0:0:0:0:0:0:0:1','LOGIN'),('0a2750ad-6d9b-4799-b468-bf3537ff81d2','Inicio Sesión','CA952C2E-4D0D-11E7-802B-A434D9558D85','2017-06-27 02:09:39','INFO','0:0:0:0:0:0:0:1','0:0:0:0:0:0:0:1','0:0:0:0:0:0:0:1','LOGIN'),('0edb85b0-66b5-4ff6-9736-baba0bd8d0f4','Inicio Sesión','CA952C2E-4D0D-11E7-802B-A434D9558D85','2017-06-27 04:08:46','INFO','0:0:0:0:0:0:0:1','0:0:0:0:0:0:0:1','0:0:0:0:0:0:0:1','LOGIN'),('0fb87c69-72f8-4cfa-94ca-4874a9763b4b','Inicio Sesión','CA952C2E-4D0D-11E7-802B-A434D9558D85','2017-06-27 11:00:48','INFO','0:0:0:0:0:0:0:1','0:0:0:0:0:0:0:1','0:0:0:0:0:0:0:1','LOGIN'),('10df844e-ead3-41c1-8f51-27d77a7b2ff4','Inicio Sesión','CA952C2E-4D0D-11E7-802B-A434D9558D85','2017-06-27 04:01:38','INFO','0:0:0:0:0:0:0:1','0:0:0:0:0:0:0:1','0:0:0:0:0:0:0:1','LOGIN'),('14ee9ea6-a586-4432-8b93-257cd8ccd19b','Inicio Sesión','CA952C2E-4D0D-11E7-802B-A434D9558D85','2017-06-27 09:40:36','INFO','0:0:0:0:0:0:0:1','0:0:0:0:0:0:0:1','0:0:0:0:0:0:0:1','LOGIN'),('1830d17f-e620-43b0-862e-65ff3713477d','Inicio Sesión','CA952C2E-4D0D-11E7-802B-A434D9558D85','2017-06-27 09:59:00','INFO','0:0:0:0:0:0:0:1','0:0:0:0:0:0:0:1','0:0:0:0:0:0:0:1','LOGIN'),('184dbde9-1d55-4b06-8dc2-21ddb647fdb9','Inicio Sesión','CA952C2E-4D0D-11E7-802B-A434D9558D85','2017-06-27 09:52:11','INFO','0:0:0:0:0:0:0:1','0:0:0:0:0:0:0:1','0:0:0:0:0:0:0:1','LOGIN'),('1c742af0-7bf6-40da-a1e3-c11efe58b688','Inicio Sesión','CA952C2E-4D0D-11E7-802B-A434D9558D85','2017-06-27 02:52:11','INFO','0:0:0:0:0:0:0:1','0:0:0:0:0:0:0:1','0:0:0:0:0:0:0:1','LOGIN'),('1d2d1f1f-2d9a-402a-821f-179aef59c435','Inicio Sesión','CA952C2E-4D0D-11E7-802B-A434D9558D85','2017-06-27 04:16:17','INFO','0:0:0:0:0:0:0:1','0:0:0:0:0:0:0:1','0:0:0:0:0:0:0:1','LOGIN'),('23ecc820-aac1-444c-a00c-6e5a268c2251','Inicio Sesión','CA952C2E-4D0D-11E7-802B-A434D9558D85','2017-06-27 01:47:45','INFO','0:0:0:0:0:0:0:1','0:0:0:0:0:0:0:1','0:0:0:0:0:0:0:1','LOGIN'),('28cd54d2-161b-4684-aaf9-b942e890c495','Inicio Sesión','CA952C2E-4D0D-11E7-802B-A434D9558D85','2017-06-27 01:23:54','INFO','0:0:0:0:0:0:0:1','0:0:0:0:0:0:0:1','0:0:0:0:0:0:0:1','LOGIN'),('28e018a5-cb30-4098-be64-e8a5a4613c8e','Inicio Sesión','CA952C2E-4D0D-11E7-802B-A434D9558D85','2017-06-27 03:03:25','INFO','0:0:0:0:0:0:0:1','0:0:0:0:0:0:0:1','0:0:0:0:0:0:0:1','LOGIN'),('2B8073A3-BFD8-47AB-A0C9-39A081EA2AD4','INICIO SESIÓN','CA952C2E-4D0D-11E7-802B-A434D9558D85','2017-06-23 17:19:42','INFO','0:0:0:0:0:0:0:1','0:0:0:0:0:0:0:1','0:0:0:0:0:0:0:1','LOGIN'),('3044da16-7f5c-47c0-a37f-f02a7b2d9e55','Inicio Sesión','CA952C2E-4D0D-11E7-802B-A434D9558D85','2017-06-27 04:17:50','INFO','0:0:0:0:0:0:0:1','0:0:0:0:0:0:0:1','0:0:0:0:0:0:0:1','LOGIN'),('30b07ec0-3bf6-4721-94ec-069fabb12e7c','Inicio Sesión','CA952C2E-4D0D-11E7-802B-A434D9558D85','2017-06-27 02:45:21','INFO','0:0:0:0:0:0:0:1','0:0:0:0:0:0:0:1','0:0:0:0:0:0:0:1','LOGIN'),('33C73B99-8A19-4658-B009-1667233E71F2','INICIO SESIÓN','CA952C2E-4D0D-11E7-802B-A434D9558D85','2017-06-23 16:21:16','INFO','0:0:0:0:0:0:0:1','0:0:0:0:0:0:0:1','0:0:0:0:0:0:0:1','LOGIN'),('34F75E29-0E2F-4EA2-A9DB-A9F4992AF87A','INICIO SESIÓN','CA952C2E-4D0D-11E7-802B-A434D9558D85','2017-06-23 14:46:02','INFO','0:0:0:0:0:0:0:1','0:0:0:0:0:0:0:1','0:0:0:0:0:0:0:1','LOGIN'),('3A0DE449-0A22-4778-AABE-8064FCF97B00','INICIO SESIÓN','CA952C2E-4D0D-11E7-802B-A434D9558D85','2017-06-23 13:50:00','INFO','0:0:0:0:0:0:0:1','0:0:0:0:0:0:0:1','0:0:0:0:0:0:0:1','LOGIN'),('3fde2391-4a52-4cde-b128-b222b09e3edc','Inicio Sesión','CA952C2E-4D0D-11E7-802B-A434D9558D85','2017-06-26 20:07:13','INFO','0:0:0:0:0:0:0:1','0:0:0:0:0:0:0:1','0:0:0:0:0:0:0:1','LOGIN'),('457c853e-60a6-487b-b521-83552c591e88','Inicio Sesión','CA952C2E-4D0D-11E7-802B-A434D9558D85','2017-06-27 04:32:33','INFO','0:0:0:0:0:0:0:1','0:0:0:0:0:0:0:1','0:0:0:0:0:0:0:1','LOGIN'),('4a82e595-4a18-41f0-bf12-0fb5855063ae','Inicio Sesión','CA952C2E-4D0D-11E7-802B-A434D9558D85','2017-06-26 20:43:56','INFO','0:0:0:0:0:0:0:1','0:0:0:0:0:0:0:1','0:0:0:0:0:0:0:1','LOGIN'),('4B3217FF-C1AE-46DE-AA1E-95CA35F902F6','INICIO SESIÓN','CA952C2E-4D0D-11E7-802B-A434D9558D85','2017-06-23 12:47:01','INFO','0:0:0:0:0:0:0:1','0:0:0:0:0:0:0:1','0:0:0:0:0:0:0:1','LOGIN'),('4c3d727c-158c-4966-a204-0aa4ee991d22','Inicio Sesión','CA952C2E-4D0D-11E7-802B-A434D9558D85','2017-06-26 19:18:07','INFO','0:0:0:0:0:0:0:1','0:0:0:0:0:0:0:1','0:0:0:0:0:0:0:1','LOGIN'),('4f4e4df3-2c0f-423c-8c05-e32b5d9d2e77','Inicio Sesión','CA952C2E-4D0D-11E7-802B-A434D9558D85','2017-06-27 02:12:55','INFO','0:0:0:0:0:0:0:1','0:0:0:0:0:0:0:1','0:0:0:0:0:0:0:1','LOGIN'),('5f24ae9b-91fe-4c78-9b3d-a30b04d71d85','Inicio Sesión','CA952C2E-4D0D-11E7-802B-A434D9558D85','2017-06-27 10:57:15','INFO','0:0:0:0:0:0:0:1','0:0:0:0:0:0:0:1','0:0:0:0:0:0:0:1','LOGIN'),('6813f796-9586-44de-b1c7-2c07a3158e9c','Inicio Sesión','CA952C2E-4D0D-11E7-802B-A434D9558D85','2017-06-27 10:46:05','INFO','0:0:0:0:0:0:0:1','0:0:0:0:0:0:0:1','0:0:0:0:0:0:0:1','LOGIN'),('6a7df94d-215f-4114-8da4-16588de6a0be','Inicio Sesión','CA952C2E-4D0D-11E7-802B-A434D9558D85','2017-06-26 19:35:31','INFO','0:0:0:0:0:0:0:1','0:0:0:0:0:0:0:1','0:0:0:0:0:0:0:1','LOGIN'),('6d720f36-ac75-4e45-9316-2878c7e97401','Inicio Sesión','CA952C2E-4D0D-11E7-802B-A434D9558D85','2017-06-27 02:15:20','INFO','0:0:0:0:0:0:0:1','0:0:0:0:0:0:0:1','0:0:0:0:0:0:0:1','LOGIN'),('70c3055c-50de-48b8-a30c-384ff8be664d','Inicio Sesión','CA952C2E-4D0D-11E7-802B-A434D9558D85','2017-06-27 02:25:30','INFO','0:0:0:0:0:0:0:1','0:0:0:0:0:0:0:1','0:0:0:0:0:0:0:1','LOGIN'),('72d321d3-7bff-4747-9c20-bdc78bd24b67','Inicio Sesión','CA952C2E-4D0D-11E7-802B-A434D9558D85','2017-06-27 03:02:05','INFO','0:0:0:0:0:0:0:1','0:0:0:0:0:0:0:1','0:0:0:0:0:0:0:1','LOGIN'),('774029f7-c35e-44e2-ac90-fca373333ad5','Inicio Sesión','CA952C2E-4D0D-11E7-802B-A434D9558D85','2017-06-27 10:44:09','INFO','0:0:0:0:0:0:0:1','0:0:0:0:0:0:0:1','0:0:0:0:0:0:0:1','LOGIN'),('784980FD-5791-46E4-A8CC-3FC4CEA60DAF','INICIO SESIÓN','CA952C2E-4D0D-11E7-802B-A434D9558D85','2017-06-23 14:42:00','INFO','0:0:0:0:0:0:0:1','0:0:0:0:0:0:0:1','0:0:0:0:0:0:0:1','LOGIN'),('8beeb4dc-3c4e-4d88-88c6-6d5bbd99777c','Inicio Sesión','CA952C2E-4D0D-11E7-802B-A434D9558D85','2017-06-26 19:42:20','INFO','0:0:0:0:0:0:0:1','0:0:0:0:0:0:0:1','0:0:0:0:0:0:0:1','LOGIN'),('91d82538-5192-4a29-aabc-23f07db19a80','Inicio Sesión','CA952C2E-4D0D-11E7-802B-A434D9558D85','2017-06-27 03:05:59','INFO','0:0:0:0:0:0:0:1','0:0:0:0:0:0:0:1','0:0:0:0:0:0:0:1','LOGIN'),('98f4aea7-048c-4d30-abba-6732131b879a','Inicio Sesión','CA952C2E-4D0D-11E7-802B-A434D9558D85','2017-06-27 04:02:54','INFO','0:0:0:0:0:0:0:1','0:0:0:0:0:0:0:1','0:0:0:0:0:0:0:1','LOGIN'),('9b662af3-0667-42bb-8128-f1289d8d7171','Inicio Sesión','CA952C2E-4D0D-11E7-802B-A434D9558D85','2017-06-27 04:12:41','INFO','0:0:0:0:0:0:0:1','0:0:0:0:0:0:0:1','0:0:0:0:0:0:0:1','LOGIN'),('9b7c95a1-373e-4498-9329-82b9b26735d0','Inicio Sesión','CA952C2E-4D0D-11E7-802B-A434D9558D85','2017-06-27 02:02:00','INFO','0:0:0:0:0:0:0:1','0:0:0:0:0:0:0:1','0:0:0:0:0:0:0:1','LOGIN'),('9e1ffce1-dff9-42fa-ab9c-13ce7f645f37','Inicio Sesión','CA952C2E-4D0D-11E7-802B-A434D9558D85','2017-06-26 23:50:35','INFO','0:0:0:0:0:0:0:1','0:0:0:0:0:0:0:1','0:0:0:0:0:0:0:1','LOGIN'),('a06f40fd-387a-440c-8d9a-be5e8cd73764','Inicio Sesión','CA952C2E-4D0D-11E7-802B-A434D9558D85','2017-06-27 02:55:06','INFO','0:0:0:0:0:0:0:1','0:0:0:0:0:0:0:1','0:0:0:0:0:0:0:1','LOGIN'),('a5a1d7c2-304c-480f-967d-4a40880d9ac6','Inicio Sesión','CA952C2E-4D0D-11E7-802B-A434D9558D85','2017-06-26 19:46:42','INFO','0:0:0:0:0:0:0:1','0:0:0:0:0:0:0:1','0:0:0:0:0:0:0:1','LOGIN'),('A7E9734C-5603-4DDB-8D41-E20B1D6933E0','INICIO SESIÓN','CA952C2E-4D0D-11E7-802B-A434D9558D85','2017-06-23 16:24:16','INFO','0:0:0:0:0:0:0:1','0:0:0:0:0:0:0:1','0:0:0:0:0:0:0:1','LOGIN'),('b2885f77-7831-4b32-9d14-71182d57e6e2','Inicio Sesión','CA952C2E-4D0D-11E7-802B-A434D9558D85','2017-06-27 03:54:21','INFO','0:0:0:0:0:0:0:1','0:0:0:0:0:0:0:1','0:0:0:0:0:0:0:1','LOGIN'),('b5428c0d-5ad0-4777-854b-2036a7ccbb71','Inicio Sesión','CA952C2E-4D0D-11E7-802B-A434D9558D85','2017-06-27 09:56:37','INFO','0:0:0:0:0:0:0:1','0:0:0:0:0:0:0:1','0:0:0:0:0:0:0:1','LOGIN'),('b5dcf744-688c-49f5-a54a-e89b1f963c2c','Inicio Sesión','CA952C2E-4D0D-11E7-802B-A434D9558D85','2017-06-26 19:19:11','INFO','0:0:0:0:0:0:0:1','0:0:0:0:0:0:0:1','0:0:0:0:0:0:0:1','LOGIN'),('b8fb12dd-2ffa-4e6f-9645-2354bf3e01d3','Inicio Sesión','CA952C2E-4D0D-11E7-802B-A434D9558D85','2017-06-27 01:30:07','INFO','0:0:0:0:0:0:0:1','0:0:0:0:0:0:0:1','0:0:0:0:0:0:0:1','LOGIN'),('c19c7927-b588-41fd-9185-5708388531f3','Inicio Sesión','CA952C2E-4D0D-11E7-802B-A434D9558D85','2017-06-27 02:33:12','INFO','0:0:0:0:0:0:0:1','0:0:0:0:0:0:0:1','0:0:0:0:0:0:0:1','LOGIN'),('c387dac0-874c-4ff4-9160-54ceee3a9f3d','Inicio Sesión','CA952C2E-4D0D-11E7-802B-A434D9558D85','2017-06-26 19:39:09','INFO','0:0:0:0:0:0:0:1','0:0:0:0:0:0:0:1','0:0:0:0:0:0:0:1','LOGIN'),('C600D72D-551F-4A3E-A07C-CB6663357BFB','INICIO SESIÓN','CA952C2E-4D0D-11E7-802B-A434D9558D85','2017-06-23 17:13:41','INFO','0:0:0:0:0:0:0:1','0:0:0:0:0:0:0:1','0:0:0:0:0:0:0:1','LOGIN'),('ccaa683d-a1ff-4562-abc6-620460d9d0fb','Inicio Sesión','CA952C2E-4D0D-11E7-802B-A434D9558D85','2017-06-27 01:43:44','INFO','0:0:0:0:0:0:0:1','0:0:0:0:0:0:0:1','0:0:0:0:0:0:0:1','LOGIN'),('d84dda9f-8aba-4f88-8c6e-f8a8d917259f','Inicio Sesión','CA952C2E-4D0D-11E7-802B-A434D9558D85','2017-06-26 20:34:03','INFO','0:0:0:0:0:0:0:1','0:0:0:0:0:0:0:1','0:0:0:0:0:0:0:1','LOGIN'),('d9b5f9b3-d4ba-47d5-baad-7124b4c68cc0','Inicio Sesión','CA952C2E-4D0D-11E7-802B-A434D9558D85','2017-06-27 01:36:28','INFO','0:0:0:0:0:0:0:1','0:0:0:0:0:0:0:1','0:0:0:0:0:0:0:1','LOGIN'),('d9dc5da7-aa91-40ee-959f-7e0ef21aab1d','Inicio Sesión','CA952C2E-4D0D-11E7-802B-A434D9558D85','2017-06-27 01:51:09','INFO','0:0:0:0:0:0:0:1','0:0:0:0:0:0:0:1','0:0:0:0:0:0:0:1','LOGIN'),('E55F3EAF-CB7E-45C4-9365-91556E8397F1','INICIO SESIÓN','CA952C2E-4D0D-11E7-802B-A434D9558D85','2017-06-23 14:49:10','INFO','0:0:0:0:0:0:0:1','0:0:0:0:0:0:0:1','0:0:0:0:0:0:0:1','LOGIN'),('f6dcbdbb-f9e9-4022-a529-43ebf5cf93fa','Inicio Sesión','CA952C2E-4D0D-11E7-802B-A434D9558D85','2017-06-27 04:22:07','INFO','0:0:0:0:0:0:0:1','0:0:0:0:0:0:0:1','0:0:0:0:0:0:0:1','LOGIN'),('F95BB46F-3C03-4D31-8A20-9535DC3F91F1','INICIO SESIÓN','CA952C2E-4D0D-11E7-802B-A434D9558D85','2017-06-23 12:29:14','INFO','0:0:0:0:0:0:0:1','0:0:0:0:0:0:0:1','0:0:0:0:0:0:0:1','LOGIN'),('fb9ea4fd-a03c-483d-8e82-73298e659c79','Inicio Sesión','CA952C2E-4D0D-11E7-802B-A434D9558D85','2017-06-27 02:32:27','INFO','0:0:0:0:0:0:0:1','0:0:0:0:0:0:0:1','0:0:0:0:0:0:0:1','LOGIN'),('fe0b66f6-f369-4528-bb5f-ff56c0e573ea','Inicio Sesión','CA952C2E-4D0D-11E7-802B-A434D9558D85','2017-06-27 01:42:26','INFO','0:0:0:0:0:0:0:1','0:0:0:0:0:0:0:1','0:0:0:0:0:0:0:1','LOGIN');
/*!40000 ALTER TABLE `logs` ENABLE KEYS */;
UNLOCK TABLES;

--
-- Table structure for table `modulos`
--

DROP TABLE IF EXISTS `modulos`;
/*!40101 SET @saved_cs_client     = @@character_set_client */;
/*!40101 SET character_set_client = utf8 */;
CREATE TABLE `modulos` (
  `IDMODULO` varchar(36) COLLATE utf8_unicode_ci NOT NULL,
  `MODULO` varchar(45) COLLATE utf8_unicode_ci NOT NULL,
  `ACTIVO` int(1) NOT NULL,
  `INSERTFECHA` datetime NOT NULL,
  `INSERTIDUSUARIO` varchar(36) COLLATE utf8_unicode_ci NOT NULL,
  `UPDATEFECHA` datetime DEFAULT NULL,
  `UPDATEIDUSUARIO` varchar(36) COLLATE utf8_unicode_ci DEFAULT NULL,
  PRIMARY KEY (`IDMODULO`)
) ENGINE=InnoDB DEFAULT CHARSET=utf8 COLLATE=utf8_unicode_ci;
/*!40101 SET character_set_client = @saved_cs_client */;

--
-- Dumping data for table `modulos`
--

LOCK TABLES `modulos` WRITE;
/*!40000 ALTER TABLE `modulos` DISABLE KEYS */;
INSERT INTO `modulos` VALUES ('47B773AA-5A90-11E7-B120-A434D9558D85','INICIO',1,'2017-06-26 16:55:45','CA952C2E-4D0D-11E7-802B-A434D9558D85',NULL,NULL),('54E19EA8-5A90-11E7-B120-A434D9558D85','ADMINISTRACION',1,'2017-06-26 16:56:07','CA952C2E-4D0D-11E7-802B-A434D9558D85',NULL,NULL),('5D314501-5A90-11E7-B120-A434D9558D85','INVENTARIOS',1,'2017-06-26 16:56:21','CA952C2E-4D0D-11E7-802B-A434D9558D85',NULL,NULL),('6F2767F2-5A90-11E7-B120-A434D9558D85','CONSULTA',1,'2017-06-26 16:56:51','CA952C2E-4D0D-11E7-802B-A434D9558D85',NULL,NULL),('754445C6-5A90-11E7-B120-A434D9558D85','FARMACIA',1,'2017-06-26 16:57:02','CA952C2E-4D0D-11E7-802B-A434D9558D85',NULL,NULL);
/*!40000 ALTER TABLE `modulos` ENABLE KEYS */;
UNLOCK TABLES;

--
-- Table structure for table `roles`
--

DROP TABLE IF EXISTS `roles`;
/*!40101 SET @saved_cs_client     = @@character_set_client */;
/*!40101 SET character_set_client = utf8 */;
CREATE TABLE `roles` (
  `IDROL` varchar(36) COLLATE utf8_unicode_ci NOT NULL,
  `NOMBRE` varchar(20) COLLATE utf8_unicode_ci NOT NULL,
  `DESCRIPCION` varchar(45) COLLATE utf8_unicode_ci DEFAULT '',
  `ACTIVO` int(1) NOT NULL,
  `INSERTFECHA` datetime NOT NULL,
  `INSERTIDUSUARIO` varchar(36) COLLATE utf8_unicode_ci NOT NULL,
  `UPDATEFECHA` datetime DEFAULT NULL,
  `UPDATEIDUSUARIO` varchar(36) COLLATE utf8_unicode_ci DEFAULT NULL,
  PRIMARY KEY (`IDROL`),
  UNIQUE KEY `ROLNOMBRE_UNIQUE` (`NOMBRE`)
) ENGINE=InnoDB DEFAULT CHARSET=utf8 COLLATE=utf8_unicode_ci COMMENT='ALMACENA ROLES DE LA APP';
/*!40101 SET character_set_client = @saved_cs_client */;

--
-- Dumping data for table `roles`
--

LOCK TABLES `roles` WRITE;
/*!40000 ALTER TABLE `roles` DISABLE KEYS */;
INSERT INTO `roles` VALUES ('50640EA0-4D0E-11E7-802B-A434D9558D85','TOTAL','TODOS LOS PERMISOS',1,'2017-06-09 07:22:33','CA952C2E-4D0D-11E7-802B-A434D9558D85',NULL,NULL),('5064234D-4D0E-11E7-802B-A434D9558D85','INVITADO','NINGÚN PERMISOS',1,'2017-06-09 07:22:33','CA952C2E-4D0D-11E7-802B-A434D9558D85',NULL,NULL);
/*!40000 ALTER TABLE `roles` ENABLE KEYS */;
UNLOCK TABLES;

--
-- Table structure for table `transaccionacciones`
--

DROP TABLE IF EXISTS `transaccionacciones`;
/*!40101 SET @saved_cs_client     = @@character_set_client */;
/*!40101 SET character_set_client = utf8 */;
CREATE TABLE `transaccionacciones` (
  `IDROL` varchar(36) COLLATE utf8_unicode_ci NOT NULL,
  `IDTRANSACCION` varchar(36) COLLATE utf8_unicode_ci NOT NULL,
  `IDACCION` varchar(36) COLLATE utf8_unicode_ci NOT NULL,
  `INSERTFECHA` datetime NOT NULL,
  `INSERTIDUSUARIO` varchar(36) COLLATE utf8_unicode_ci NOT NULL,
  `UPDATEFECHA` datetime DEFAULT NULL,
  `UPDATEIDUSUARIO` varchar(36) COLLATE utf8_unicode_ci DEFAULT NULL,
  PRIMARY KEY (`IDROL`,`IDTRANSACCION`,`IDACCION`)
) ENGINE=InnoDB DEFAULT CHARSET=utf8 COLLATE=utf8_unicode_ci;
/*!40101 SET character_set_client = @saved_cs_client */;

--
-- Dumping data for table `transaccionacciones`
--

LOCK TABLES `transaccionacciones` WRITE;
/*!40000 ALTER TABLE `transaccionacciones` DISABLE KEYS */;
INSERT INTO `transaccionacciones` VALUES ('50640EA0-4D0E-11E7-802B-A434D9558D85','50640EA0-4D0E-11E7-802B-A434D9558D85','000BEBFD-4D16-11E7-802B-A434D9558D85','2017-06-09 08:29:04','CA952C2E-4D0D-11E7-802B-A434D9558D85',NULL,NULL),('50640EA0-4D0E-11E7-802B-A434D9558D85','50640EA0-4D0E-11E7-802B-A434D9558D85','000C0030-4D16-11E7-802B-A434D9558D85','2017-06-09 08:29:04','CA952C2E-4D0D-11E7-802B-A434D9558D85',NULL,NULL),('50640EA0-4D0E-11E7-802B-A434D9558D85','50640EA0-4D0E-11E7-802B-A434D9558D85','000C0245-4D16-11E7-802B-A434D9558D85','2017-06-09 08:29:04','CA952C2E-4D0D-11E7-802B-A434D9558D85',NULL,NULL),('50640EA0-4D0E-11E7-802B-A434D9558D85','50640EA0-4D0E-11E7-802B-A434D9558D85','000C0359-4D16-11E7-802B-A434D9558D85','2017-06-09 08:29:04','CA952C2E-4D0D-11E7-802B-A434D9558D85',NULL,NULL),('50640EA0-4D0E-11E7-802B-A434D9558D85','50640EA0-4D0E-11E7-802B-A434D9558D85','000C0456-4D16-11E7-802B-A434D9558D85','2017-06-09 08:29:04','CA952C2E-4D0D-11E7-802B-A434D9558D85',NULL,NULL),('50640EA0-4D0E-11E7-802B-A434D9558D85','50640EA0-4D0E-11E7-802B-A434D9558D85','000C0557-4D16-11E7-802B-A434D9558D85','2017-06-09 08:29:04','CA952C2E-4D0D-11E7-802B-A434D9558D85',NULL,NULL),('50640EA0-4D0E-11E7-802B-A434D9558D85','97D0BA5F-4D16-11E7-802B-A434D9558D85','000BEBFD-4D16-11E7-802B-A434D9558D85','2017-06-09 08:29:04','CA952C2E-4D0D-11E7-802B-A434D9558D85',NULL,NULL),('50640EA0-4D0E-11E7-802B-A434D9558D85','97D0BA5F-4D16-11E7-802B-A434D9558D85','000C0030-4D16-11E7-802B-A434D9558D85','2017-06-09 08:29:04','CA952C2E-4D0D-11E7-802B-A434D9558D85',NULL,NULL),('50640EA0-4D0E-11E7-802B-A434D9558D85','97D0BA5F-4D16-11E7-802B-A434D9558D85','000C0245-4D16-11E7-802B-A434D9558D85','2017-06-09 08:29:04','CA952C2E-4D0D-11E7-802B-A434D9558D85',NULL,NULL),('50640EA0-4D0E-11E7-802B-A434D9558D85','97D0BA5F-4D16-11E7-802B-A434D9558D85','000C0359-4D16-11E7-802B-A434D9558D85','2017-06-09 08:29:04','CA952C2E-4D0D-11E7-802B-A434D9558D85',NULL,NULL),('50640EA0-4D0E-11E7-802B-A434D9558D85','97D0BA5F-4D16-11E7-802B-A434D9558D85','000C0456-4D16-11E7-802B-A434D9558D85','2017-06-09 08:29:04','CA952C2E-4D0D-11E7-802B-A434D9558D85',NULL,NULL),('50640EA0-4D0E-11E7-802B-A434D9558D85','97D0BA5F-4D16-11E7-802B-A434D9558D85','000C0557-4D16-11E7-802B-A434D9558D85','2017-06-09 08:29:04','CA952C2E-4D0D-11E7-802B-A434D9558D85',NULL,NULL),('50640EA0-4D0E-11E7-802B-A434D9558D85','97D0BCFF-4D16-11E7-802B-A434D9558D85','000BEBFD-4D16-11E7-802B-A434D9558D85','2017-06-09 08:29:04','CA952C2E-4D0D-11E7-802B-A434D9558D85',NULL,NULL),('50640EA0-4D0E-11E7-802B-A434D9558D85','97D0BCFF-4D16-11E7-802B-A434D9558D85','000C0030-4D16-11E7-802B-A434D9558D85','2017-06-09 08:29:04','CA952C2E-4D0D-11E7-802B-A434D9558D85',NULL,NULL),('50640EA0-4D0E-11E7-802B-A434D9558D85','97D0BCFF-4D16-11E7-802B-A434D9558D85','000C0245-4D16-11E7-802B-A434D9558D85','2017-06-09 08:29:04','CA952C2E-4D0D-11E7-802B-A434D9558D85',NULL,NULL),('50640EA0-4D0E-11E7-802B-A434D9558D85','97D0BCFF-4D16-11E7-802B-A434D9558D85','000C0359-4D16-11E7-802B-A434D9558D85','2017-06-09 08:29:04','CA952C2E-4D0D-11E7-802B-A434D9558D85',NULL,NULL),('50640EA0-4D0E-11E7-802B-A434D9558D85','97D0BCFF-4D16-11E7-802B-A434D9558D85','000C0456-4D16-11E7-802B-A434D9558D85','2017-06-09 08:29:04','CA952C2E-4D0D-11E7-802B-A434D9558D85',NULL,NULL),('50640EA0-4D0E-11E7-802B-A434D9558D85','97D0BCFF-4D16-11E7-802B-A434D9558D85','000C0557-4D16-11E7-802B-A434D9558D85','2017-06-09 08:29:04','CA952C2E-4D0D-11E7-802B-A434D9558D85',NULL,NULL),('50640EA0-4D0E-11E7-802B-A434D9558D85','d06b2173-5b08-11e7-bfef-a434d9558d85','000BEBFD-4D16-11E7-802B-A434D9558D85','2017-06-27 02:23:24','CA952C2E-4D0D-11E7-802B-A434D9558D85',NULL,NULL),('50640EA0-4D0E-11E7-802B-A434D9558D85','d06b2173-5b08-11e7-bfef-a434d9558d85','000C0245-4D16-11E7-802B-A434D9558D85','2017-06-27 02:23:58','CA952C2E-4D0D-11E7-802B-A434D9558D85',NULL,NULL),('50640EA0-4D0E-11E7-802B-A434D9558D85','d06b2173-5b08-11e7-bfef-a434d9558d85','000C0359-4D16-11E7-802B-A434D9558D85','2017-06-27 02:24:06','CA952C2E-4D0D-11E7-802B-A434D9558D85',NULL,NULL),('50640EA0-4D0E-11E7-802B-A434D9558D85','d06b2173-5b08-11e7-bfef-a434d9558d85','000C0456-4D16-11E7-802B-A434D9558D85','2017-06-27 02:24:13','CA952C2E-4D0D-11E7-802B-A434D9558D85',NULL,NULL),('50640EA0-4D0E-11E7-802B-A434D9558D85','d06b2173-5b08-11e7-bfef-a434d9558d85','000C0557-4D16-11E7-802B-A434D9558D85','2017-06-27 02:24:22','CA952C2E-4D0D-11E7-802B-A434D9558D85',NULL,NULL),('5064234D-4D0E-11E7-802B-A434D9558D85','50640EA0-4D0E-11E7-802B-A434D9558D85','000BEBFD-4D16-11E7-802B-A434D9558D85','2017-06-09 08:29:04','CA952C2E-4D0D-11E7-802B-A434D9558D85',NULL,NULL),('5064234D-4D0E-11E7-802B-A434D9558D85','50640EA0-4D0E-11E7-802B-A434D9558D85','000C0030-4D16-11E7-802B-A434D9558D85','2017-06-09 08:29:04','CA952C2E-4D0D-11E7-802B-A434D9558D85',NULL,NULL),('5064234D-4D0E-11E7-802B-A434D9558D85','50640EA0-4D0E-11E7-802B-A434D9558D85','000C0245-4D16-11E7-802B-A434D9558D85','2017-06-09 08:29:04','CA952C2E-4D0D-11E7-802B-A434D9558D85',NULL,NULL),('5064234D-4D0E-11E7-802B-A434D9558D85','50640EA0-4D0E-11E7-802B-A434D9558D85','000C0359-4D16-11E7-802B-A434D9558D85','2017-06-09 08:29:04','CA952C2E-4D0D-11E7-802B-A434D9558D85',NULL,NULL),('5064234D-4D0E-11E7-802B-A434D9558D85','50640EA0-4D0E-11E7-802B-A434D9558D85','000C0456-4D16-11E7-802B-A434D9558D85','2017-06-09 08:29:04','CA952C2E-4D0D-11E7-802B-A434D9558D85',NULL,NULL),('5064234D-4D0E-11E7-802B-A434D9558D85','50640EA0-4D0E-11E7-802B-A434D9558D85','000C0557-4D16-11E7-802B-A434D9558D85','2017-06-09 08:29:04','CA952C2E-4D0D-11E7-802B-A434D9558D85',NULL,NULL);
/*!40000 ALTER TABLE `transaccionacciones` ENABLE KEYS */;
UNLOCK TABLES;

--
-- Table structure for table `transacciones`
--

DROP TABLE IF EXISTS `transacciones`;
/*!40101 SET @saved_cs_client     = @@character_set_client */;
/*!40101 SET character_set_client = utf8 */;
CREATE TABLE `transacciones` (
  `IDTRANSACCION` varchar(36) COLLATE utf8_unicode_ci NOT NULL,
  `NOMBRE` varchar(20) COLLATE utf8_unicode_ci NOT NULL,
  `DESCRIPCION` varchar(45) COLLATE utf8_unicode_ci DEFAULT '',
  `URL` varchar(45) COLLATE utf8_unicode_ci DEFAULT '',
  `CODIGO` varchar(7) COLLATE utf8_unicode_ci DEFAULT '',
  `ACTIVO` int(1) NOT NULL,
  `INSERTFECHA` datetime NOT NULL,
  `INSERTIDUSUARIO` varchar(36) COLLATE utf8_unicode_ci NOT NULL,
  `UPDATEFECHA` datetime DEFAULT NULL,
  `UPDATEIDUSUARIO` varchar(36) COLLATE utf8_unicode_ci DEFAULT NULL,
  `IDMODULO` varchar(36) COLLATE utf8_unicode_ci DEFAULT NULL,
  PRIMARY KEY (`IDTRANSACCION`),
  UNIQUE KEY `TRANSACCIONNOMBRE_UNIQUE` (`NOMBRE`),
  UNIQUE KEY `TRANSACCIONCODIGO_UNIQUE` (`CODIGO`),
  UNIQUE KEY `TRANSACCIONURL_UNIQUE` (`URL`)
) ENGINE=InnoDB DEFAULT CHARSET=utf8 COLLATE=utf8_unicode_ci;
/*!40101 SET character_set_client = @saved_cs_client */;

--
-- Dumping data for table `transacciones`
--

LOCK TABLES `transacciones` WRITE;
/*!40000 ALTER TABLE `transacciones` DISABLE KEYS */;
INSERT INTO `transacciones` VALUES ('97D0A582-4D16-11E7-802B-A434D9558D85','Inicio','MÓDULO PRINCIPAL DE ACCESO GENERAL','/secure/inicio.xhtml','INICIO',1,'2017-06-09 08:21:49','CA952C2E-4D0D-11E7-802B-A434D9558D85',NULL,NULL,'47B773AA-5A90-11E7-B120-A434D9558D85'),('97D0BA5F-4D16-11E7-802B-A434D9558D85','Administracion','MÓDULO DE ADMINISTRACIÓN','/secure/administracion/admin.xhtml','ADMIN',1,'2017-06-09 08:21:49','CA952C2E-4D0D-11E7-802B-A434D9558D85',NULL,NULL,'54E19EA8-5A90-11E7-B120-A434D9558D85'),('97D0BCFF-4D16-11E7-802B-A434D9558D85','Inventarios','MÓDULO DE INVENTARIOS','/secure/inventarios/inventarios.xhtml','INVENT',1,'2017-06-09 08:21:49','CA952C2E-4D0D-11E7-802B-A434D9558D85',NULL,NULL,'5D314501-5A90-11E7-B120-A434D9558D85'),('d06b2173-5b08-11e7-bfef-a434d9558d85','Seguridad','Gestión de Roles y Permisos del Sistema','/secure/administracion/seguridad.xhtml','SECURE',1,'2017-06-27 02:18:29','CA952C2E-4D0D-11E7-802B-A434D9558D85',NULL,NULL,'54E19EA8-5A90-11E7-B120-A434D9558D85');
/*!40000 ALTER TABLE `transacciones` ENABLE KEYS */;
UNLOCK TABLES;

--
-- Table structure for table `usuarios`
--

DROP TABLE IF EXISTS `usuarios`;
/*!40101 SET @saved_cs_client     = @@character_set_client */;
/*!40101 SET character_set_client = utf8 */;
CREATE TABLE `usuarios` (
  `IDUSUARIO` varchar(36) COLLATE utf8_unicode_ci NOT NULL,
  `NOMBREUSUARIO` varchar(10) COLLATE utf8_unicode_ci NOT NULL,
  `CLAVEACCESO` varchar(40) COLLATE utf8_unicode_ci NOT NULL,
  `CORREOELECTRONICO` varchar(90) COLLATE utf8_unicode_ci NOT NULL,
  `NOMBRE` varchar(45) COLLATE utf8_unicode_ci NOT NULL,
  `APELLIDOPATERNO` varchar(45) COLLATE utf8_unicode_ci DEFAULT '',
  `APELLIDOMATERNO` varchar(45) COLLATE utf8_unicode_ci DEFAULT '',
  `ACTIVO` int(11) NOT NULL,
  `USUARIOBLOQUEADO` int(11) NOT NULL,
  `FECHAREGISTRO` datetime NOT NULL,
  `FECHAVIGENCIA` datetime NOT NULL,
  `ULTIMOINGRESO` datetime NOT NULL,
  `IDESTRUCTURA` varchar(36) COLLATE utf8_unicode_ci NOT NULL,
  `INSERTFECHA` datetime NOT NULL,
  `INSERTIDUSUARIO` varchar(36) COLLATE utf8_unicode_ci NOT NULL,
  `UPDATEFECHA` datetime DEFAULT NULL,
  `UPDATEIDUSUARIO` varchar(36) COLLATE utf8_unicode_ci DEFAULT NULL,
  PRIMARY KEY (`IDUSUARIO`),
  UNIQUE KEY `USUARIOID_UNIQUE` (`IDUSUARIO`),
  UNIQUE KEY `NOMBREUSUARIOUSUARIO_UNIQUE` (`NOMBREUSUARIO`),
  UNIQUE KEY `CORREOELECTRONICO_UNIQUE` (`CORREOELECTRONICO`)
) ENGINE=InnoDB DEFAULT CHARSET=utf8 COLLATE=utf8_unicode_ci COMMENT='ALMACENA USUARIOS DE LA APP';
/*!40101 SET character_set_client = @saved_cs_client */;

--
-- Dumping data for table `usuarios`
--

LOCK TABLES `usuarios` WRITE;
/*!40000 ALTER TABLE `usuarios` DISABLE KEYS */;
INSERT INTO `usuarios` VALUES ('CA952C2E-4D0D-11E7-802B-A434D9558D85','SUPERADMIN','ee10c315eba2c75b403ea99136f5b48d','CERVANETS@GMAIL.COM','SUPERADMIN','','',1,0,'2017-06-09 07:18:48','2017-09-07 07:18:48','2017-06-09 07:18:48','','2017-06-09 07:18:48','CA952C2E-4D0D-11E7-802B-A434D9558D85',NULL,NULL),('CA954146-4D0D-11E7-802B-A434D9558D85','ADMIN','ee10c315eba2c75b403ea99136f5b48d','CARTEROELECT@GMAIL.COM','ADMIN','','',1,0,'2017-06-09 07:18:48','2017-09-07 07:18:48','2017-06-09 07:18:48','','2017-06-09 07:18:48','CA952C2E-4D0D-11E7-802B-A434D9558D85',NULL,NULL);
/*!40000 ALTER TABLE `usuarios` ENABLE KEYS */;
UNLOCK TABLES;

--
-- Table structure for table `usuariosroles`
--

DROP TABLE IF EXISTS `usuariosroles`;
/*!40101 SET @saved_cs_client     = @@character_set_client */;
/*!40101 SET character_set_client = utf8 */;
CREATE TABLE `usuariosroles` (
  `IDUSUARIO` varchar(36) COLLATE utf8_unicode_ci NOT NULL,
  `IDROL` varchar(36) COLLATE utf8_unicode_ci NOT NULL,
  `INSERTFECHA` datetime NOT NULL,
  `INSERTIDUSUARIO` varchar(36) COLLATE utf8_unicode_ci NOT NULL,
  `UPDATEFECHA` datetime DEFAULT NULL,
  `UPDATEIDUSUARIO` varchar(36) COLLATE utf8_unicode_ci DEFAULT NULL,
  PRIMARY KEY (`IDUSUARIO`,`IDROL`)
) ENGINE=InnoDB DEFAULT CHARSET=utf8 COLLATE=utf8_unicode_ci;
/*!40101 SET character_set_client = @saved_cs_client */;

--
-- Dumping data for table `usuariosroles`
--

LOCK TABLES `usuariosroles` WRITE;
/*!40000 ALTER TABLE `usuariosroles` DISABLE KEYS */;
INSERT INTO `usuariosroles` VALUES ('CA952C2E-4D0D-11E7-802B-A434D9558D85','50640EA0-4D0E-11E7-802B-A434D9558D85','2017-06-09 08:13:10','CA952C2E-4D0D-11E7-802B-A434D9558D85',NULL,NULL),('CA952C2E-4D0D-11E7-802B-A434D9558D85','5064234D-4D0E-11E7-802B-A434D9558D85','2017-06-09 08:13:10','CA952C2E-4D0D-11E7-802B-A434D9558D85',NULL,NULL),('CA954146-4D0D-11E7-802B-A434D9558D85','5064234D-4D0E-11E7-802B-A434D9558D85','2017-06-09 08:13:10','CA952C2E-4D0D-11E7-802B-A434D9558D85',NULL,NULL);
/*!40000 ALTER TABLE `usuariosroles` ENABLE KEYS */;
UNLOCK TABLES;

--
-- Table structure for table `medicamento`
--

DROP TABLE IF EXISTS `medicamento`;
/*!40101 SET @saved_cs_client     = @@character_set_client */;
/*!40101 SET character_set_client = utf8 */;
CREATE TABLE `medicamento` (
  `idMedicamento` varchar(15) COLLATE utf8_unicode_ci NOT NULL,
  `sustanciaActiva` int(11) DEFAULT NULL,
  `idViaAdministracion` int(11) NOT NULL,
  `nombreCorto` varchar(150) COLLATE utf8_unicode_ci DEFAULT NULL,
  `nombreLargo` varchar(250) COLLATE utf8_unicode_ci NOT NULL,
  `concentracion` varchar(50) COLLATE utf8_unicode_ci NOT NULL,
  `idUnidadConcentracion` int(11) NOT NULL,
  `presentacionLaboratorio` varchar(100) COLLATE utf8_unicode_ci NOT NULL,
  `laboratorio` varchar(50) COLLATE utf8_unicode_ci NOT NULL,
  `idPresentacionEntrada` int(11) DEFAULT NULL,
  `factorTransformacion` int(11) DEFAULT NULL,
  `idPresentacionSalida` int(11) DEFAULT NULL,
  `idCategoria` int(11) DEFAULT NULL,
  `idSubcategoria` int(11) DEFAULT NULL,
  `grupo` varchar(50) COLLATE utf8_unicode_ci NOT NULL,
  `minimo` int(11) DEFAULT NULL,
  `reorden` int(11) NOT NULL,
  `maximo` int(11) NOT NULL,
  `indivisible` int(11) NOT NULL,
  `imagenPresentacion` blob NOT NULL,
  `activa` int(11) DEFAULT NULL,
  `insertFecha` date NOT NULL,
  `insertUsuarioId` varchar(36) COLLATE utf8_unicode_ci NOT NULL,
  `updateFecha` date DEFAULT NULL,
  `updateUsuarioId` varchar(36) COLLATE utf8_unicode_ci DEFAULT NULL,
  PRIMARY KEY (`idMedicamento`)
) ENGINE=InnoDB DEFAULT CHARSET=utf8 COLLATE=utf8_unicode_ci COMMENT='Almacena medicamentos';
/*!40101 SET character_set_client = @saved_cs_client */;

--
-- Dumping data for table `medicamento`
--

LOCK TABLES `medicamento` WRITE;
/*!40000 ALTER TABLE `medicamento` DISABLE KEYS */;
/*!40000 ALTER TABLE `medicamento` ENABLE KEYS */;
UNLOCK TABLES;

--
-- Table structure for table `categoriamedicamento`
--

DROP TABLE IF EXISTS `categoriamedicamento`;
/*!40101 SET @saved_cs_client     = @@character_set_client */;
/*!40101 SET character_set_client = utf8 */;
CREATE TABLE `categoriamedicamento` (
  `idCategoriaMedicamento` int(11) NOT NULL,
  `nombreCategoriaMedicamento` varchar(50) COLLATE utf8_unicode_ci DEFAULT NULL,
  `activa` int(11) DEFAULT NULL,
  `insertFecha` datetime NOT NULL,
  `insertUsuarioId` varchar(36) COLLATE utf8_unicode_ci NOT NULL,
  `updateFecha` datetime DEFAULT NULL,
  `updateUsuarioId` varchar(36) COLLATE utf8_unicode_ci DEFAULT NULL,
  PRIMARY KEY (`idCategoriaMedicamento`)
) ENGINE=InnoDB DEFAULT CHARSET=utf8 COLLATE=utf8_unicode_ci COMMENT='Almacena la categoria de los medicamentos';
/*!40101 SET character_set_client = @saved_cs_client */;

--
-- Dumping data for table `categoriamedicamento`
--

LOCK TABLES `categoriamedicamento` WRITE;
/*!40000 ALTER TABLE `categoriamedicamento` DISABLE KEYS */;
INSERT INTO `categoriamedicamento` VALUES (1,'Cuadro Basico',1,'2015-05-18 17:03:12','1','2015-09-11 18:38:32','1');
/*!40000 ALTER TABLE `categoriamedicamento` ENABLE KEYS */;
UNLOCK TABLES;

--
-- Table structure for table `presentacionmedicamento`
--

DROP TABLE IF EXISTS `presentacionmedicamento`;
/*!40101 SET @saved_cs_client     = @@character_set_client */;
/*!40101 SET character_set_client = utf8 */;
CREATE TABLE `presentacionmedicamento` (
  `idPresentacion` int(11) NOT NULL,
  `nombrePresentacion` varchar(50) COLLATE utf8_unicode_ci DEFAULT NULL,
  `activa` int(11) DEFAULT NULL,
  `insertFecha` datetime NOT NULL,
  `insertUsuarioId` varchar(36) COLLATE utf8_unicode_ci NOT NULL,
  `updateFecha` datetime DEFAULT NULL,
  `updateUsuarioId` varchar(36) COLLATE utf8_unicode_ci DEFAULT NULL,
  PRIMARY KEY (`idPresentacion`)
) ENGINE=InnoDB DEFAULT CHARSET=utf8 COLLATE=utf8_unicode_ci COMMENT='Almacena la presentacion del medicamento';
/*!40101 SET character_set_client = @saved_cs_client */;

--
-- Dumping data for table `presentacionmedicamento`
--

LOCK TABLES `presentacionmedicamento` WRITE;
/*!40000 ALTER TABLE `presentacionmedicamento` DISABLE KEYS */;
INSERT INTO `presentacionmedicamento` VALUES (1,'TABLETAS',1,'2015-05-18 17:01:16','1','2015-09-10 13:48:26','1'),(2,'CAPSULA',1,'2015-06-17 11:57:32','1','2015-08-14 01:22:05','1'),(3,'AMPOLLETAS',1,'2015-06-19 11:12:39','1','2015-08-14 01:22:14','1'),(4,'FRASCO AMP.',1,'2015-06-22 12:10:17','1','2015-08-14 01:22:22','1'),(5,'Comprimido',1,'2015-06-26 12:05:13','1','2015-08-14 01:22:33','1'),(6,'Parche',1,'2015-07-07 19:16:50','1','2015-08-14 01:22:42','1'),(7,'Frasco',1,'2015-08-03 13:31:48','1','2015-08-14 01:22:51','1'),(8,'Pasta',1,'2015-08-03 14:21:44','1','2015-08-14 01:23:03','1'),(9,'Solución',1,'2015-08-14 00:59:49','1','2015-08-14 01:23:12','1'),(10,'Ovulo',1,'2015-08-14 01:23:21','1','2015-08-14 01:23:21','1'),(11,'Tableta vaginal',1,'2015-08-14 01:23:28','1','2015-08-14 01:23:28','1'),(12,'Gel',1,'2015-08-14 01:23:35','1','2015-08-14 01:23:35','1'),(13,'Aerosol',1,'2015-08-14 01:23:41','1','2015-08-14 01:23:41','1'),(14,'Pomada',1,'2015-08-14 01:23:48','1','2015-08-14 01:23:48','1'),(15,'Jeringa',1,'2015-08-14 01:24:27','1','2015-08-14 01:24:27','1'),(16,'Crema',1,'2015-08-14 01:24:35','1','2015-08-14 01:24:35','1'),(17,'Suspensión',1,'2015-08-14 01:24:42','1','2015-08-14 01:24:42','1'),(18,'Polvo',1,'2015-08-14 01:24:49','1','2015-08-14 01:24:49','1'),(19,'Emulsión',1,'2015-08-14 01:24:56','1','2015-08-14 01:24:56','1'),(20,'Loción',1,'2015-08-14 01:25:04','1','2015-08-14 01:25:04','1'),(21,'ünguento',1,'2015-08-14 01:25:11','1','2015-08-14 01:25:11','1'),(22,'GRAGEAS',1,'2015-08-14 01:25:18','1','2015-08-14 01:25:18','1'),(23,'Supositorio',1,'2015-08-14 01:25:25','1','2015-08-14 01:25:25','1'),(24,'Perla',1,'2015-08-14 01:25:46','1','2015-08-14 01:25:46','1'),(25,'Inhalador',1,'2015-08-14 01:26:05','1','2015-08-14 01:26:05','1'),(26,'Caja',1,'2015-08-27 12:51:34','1','2015-08-27 12:51:34','1'),(27,'Tubo',1,'2015-09-10 17:18:26','1','2015-09-10 17:18:26','1'),(28,'Envase',1,'2016-04-06 15:13:38','1','2016-04-06 15:13:38','1'),(29,'AMP',1,'2017-02-22 18:35:00','1','2017-02-22 18:35:00','1'),(33,'VIAL',1,'2017-02-22 18:37:00','1','2017-02-22 18:37:00','1'),(34,'SOBRE',1,'2017-02-22 18:37:00','1','2017-02-22 18:37:00','1'),(35,'TARRO',1,'2017-02-22 18:37:00','1','2017-02-22 18:37:00','1'),(37,'FCO.AMP.',1,'2017-02-22 18:38:00','1','2017-02-22 18:38:00','1'),(38,'BOLSA',1,'2017-02-22 18:40:00','1','2017-02-22 18:40:00','1'),(39,'TABLETA',1,'2017-02-23 04:36:20','1','2017-02-23 04:36:20','1'),(40,'FRASCO AMP',1,'2017-02-23 04:36:21','1','2017-02-23 04:36:21','1'),(41,'AMPOLLETA',1,'2017-02-23 04:37:10','1','2017-02-23 04:37:10','1');
/*!40000 ALTER TABLE `presentacionmedicamento` ENABLE KEYS */;
UNLOCK TABLES;

--
-- Table structure for table `subcategoriamedicamento`
--

DROP TABLE IF EXISTS `subcategoriamedicamento`;
/*!40101 SET @saved_cs_client     = @@character_set_client */;
/*!40101 SET character_set_client = utf8 */;
CREATE TABLE `subcategoriamedicamento` (
  `idSubcategoriaMedicamento` int(11) NOT NULL,
  `idCategoriaMedicamento` int(11) DEFAULT NULL,
  `nombreSubcategoriaMedicamento` varchar(50) COLLATE utf8_unicode_ci DEFAULT NULL,
  `activa` int(11) DEFAULT NULL,
  `insertFecha` datetime NOT NULL,
  `insertUsuarioId` varchar(36) COLLATE utf8_unicode_ci NOT NULL,
  `updateFecha` datetime DEFAULT NULL,
  `updateUsuarioId` varchar(36) COLLATE utf8_unicode_ci DEFAULT NULL,
  PRIMARY KEY (`idSubcategoriaMedicamento`)
) ENGINE=InnoDB DEFAULT CHARSET=utf8 COLLATE=utf8_unicode_ci COMMENT='Almacena la subcategoria del medicamento';
/*!40101 SET character_set_client = @saved_cs_client */;

--
-- Dumping data for table `subcategoriamedicamento`
--

LOCK TABLES `subcategoriamedicamento` WRITE;
/*!40000 ALTER TABLE `subcategoriamedicamento` DISABLE KEYS */;
INSERT INTO `subcategoriamedicamento` VALUES (1,1,'Analgesica',1,'2015-05-18 17:06:48','1','2015-09-10 13:51:57','1'),(2,1,'Anestecia',1,'2015-05-18 18:29:58','1','2015-08-14 01:48:36','1'),(3,1,'Cardiología',1,'2015-05-18 18:30:45','1','2015-08-14 01:49:07','1'),(4,1,'Dermatología',1,'2015-06-19 11:38:27','1','2015-08-14 01:49:23','1'),(5,1,'Endocrinología y Metabolismo',1,'2015-06-23 13:42:41','1','2015-08-14 01:43:38','1'),(6,1,'Enfermedades Infecciosas y Parasitarias',1,'2015-06-26 12:56:34','1','2015-08-14 01:49:38','1'),(7,1,'Enfermedades Inmunoalergicas',1,'2015-06-26 12:58:03','1','2015-08-14 01:50:17','1'),(8,1,'Gastroenterologia',1,'2015-08-03 16:20:17','1','2015-08-14 01:52:15','1'),(9,1,'Gineco-Obstetricia',1,'2015-08-03 16:26:25','1','2015-08-14 01:52:37','1'),(10,1,'Hematología',1,'2015-09-10 16:53:59','1','2015-09-10 16:53:59','1'),(11,1,'Intoxicaciones',1,'2015-09-10 17:44:07','1','2015-09-10 17:44:07','1'),(12,1,'Nefrología y Urología',1,'2015-09-10 18:22:15','1','2015-09-10 18:22:15','1'),(13,1,'Neumología',1,'2015-09-10 18:35:22','1','2015-09-10 18:35:22','1'),(14,1,'Neurología',1,'2015-09-10 18:46:38','1','2015-09-10 18:46:38','1'),(15,1,'Oftalmología',1,'2015-09-10 18:54:00','1','2015-09-10 18:54:00','1'),(16,1,'Oncología',1,'2015-10-29 11:13:39','1','2015-10-29 11:13:39','1'),(17,1,'Otorrinolaringología',1,'2016-03-17 11:16:43','1','2016-03-17 11:16:43','1'),(18,1,'Planificación Familiar',1,'2016-03-17 11:17:00','1','2016-03-17 11:17:00','1'),(19,1,'Psiquiatria',1,'2016-03-17 11:17:16','1','2016-03-17 11:17:16','1'),(20,1,'Reumatología y traumatología',1,'2017-02-22 20:05:00','1','2017-02-22 20:05:00','1'),(21,1,'Soluciones electrolíticas y Sustitutos del plasma',1,'2017-02-22 20:05:00','1','2017-02-22 20:05:00','1');
/*!40000 ALTER TABLE `subcategoriamedicamento` ENABLE KEYS */;
UNLOCK TABLES;

--
-- Table structure for table `unidadconcentracion`
--

DROP TABLE IF EXISTS `unidadconcentracion`;
/*!40101 SET @saved_cs_client     = @@character_set_client */;
/*!40101 SET character_set_client = utf8 */;
CREATE TABLE `unidadconcentracion` (
  `idUnidadConcentracion` int(11) NOT NULL,
  `nombreUnidadConcentracion` varchar(50) COLLATE utf8_unicode_ci DEFAULT NULL,
  `insertFecha` datetime NOT NULL,
  `insertUsuarioId` varchar(36) COLLATE utf8_unicode_ci NOT NULL,
  `updateFecha` datetime DEFAULT NULL,
  `updateUsuarioId` varchar(36) COLLATE utf8_unicode_ci DEFAULT NULL,
  PRIMARY KEY (`idUnidadConcentracion`)
) ENGINE=InnoDB DEFAULT CHARSET=utf8 COLLATE=utf8_unicode_ci COMMENT='Almacena la unidad de concentracion';
/*!40101 SET character_set_client = @saved_cs_client */;

--
-- Dumping data for table `unidadconcentracion`
--

LOCK TABLES `unidadconcentracion` WRITE;
/*!40000 ALTER TABLE `unidadconcentracion` DISABLE KEYS */;
INSERT INTO `unidadconcentracion` VALUES (1,'mg','2017-02-22 20:05:00','1',NULL,NULL),(2,'ml','2017-02-22 20:05:00','1',NULL,NULL),(3,'unidades','2017-02-22 20:05:00','1',NULL,NULL),(4,'g','2017-02-22 20:05:00','1',NULL,NULL);
/*!40000 ALTER TABLE `unidadconcentracion` ENABLE KEYS */;
UNLOCK TABLES;

--
-- Table structure for table `viaadministracion`
--

DROP TABLE IF EXISTS `viaadministracion`;
/*!40101 SET @saved_cs_client     = @@character_set_client */;
/*!40101 SET character_set_client = utf8 */;
CREATE TABLE `viaadministracion` (
  `idViaAdministracion` int(11) NOT NULL,
  `nombreViaAdministracion` varchar(50) COLLATE utf8_unicode_ci DEFAULT NULL,
  `insertFecha` datetime NOT NULL,
  `insertUsuarioId` varchar(36) COLLATE utf8_unicode_ci NOT NULL,
  `updateFecha` datetime DEFAULT NULL,
  `updateUsuarioId` varchar(36) COLLATE utf8_unicode_ci DEFAULT NULL,
  PRIMARY KEY (`idViaAdministracion`)
) ENGINE=InnoDB DEFAULT CHARSET=utf8 COLLATE=utf8_unicode_ci COMMENT='Almacena la via de administracion';
/*!40101 SET character_set_client = @saved_cs_client */;

--
-- Dumping data for table `viaadministracion`
--

LOCK TABLES `viaadministracion` WRITE;
/*!40000 ALTER TABLE `viaadministracion` DISABLE KEYS */;
INSERT INTO `viaadministracion` VALUES (1,'Cutánea en glándula mamaria','2017-02-22 20:05:00','1',NULL,NULL),(2,'Cutánea/local','2017-02-22 20:05:00','1',NULL,NULL),(3,'Enteral a través de sonda','2017-02-22 20:05:00','1',NULL,NULL),(4,'Epidural','2017-02-22 20:05:00','1',NULL,NULL),(5,'Implante (en el sitio de infección)','2017-02-22 20:05:00','1',NULL,NULL),(6,'Implante subcutáneo','2017-02-22 20:05:00','1',NULL,NULL),(7,'Infiltración','2017-02-22 20:05:00','1',NULL,NULL),(8,'Inhalación','2017-02-22 20:05:00','1',NULL,NULL),(9,'Intraarticular','2017-02-22 20:05:00','1',NULL,NULL),(10,'Intracavitaria','2017-02-22 20:05:00','1',NULL,NULL),(11,'Intradérmica','2017-02-22 20:05:00','1',NULL,NULL),(12,'Intralesional','2017-02-22 20:05:00','1',NULL,NULL),(13,'Intramuscular','2017-02-22 20:05:00','1',NULL,NULL),(14,'Intramuscular profunda y lenta','2017-02-22 20:05:00','1',NULL,NULL),(15,'Intranasal','2017-02-22 20:05:00','1',NULL,NULL),(16,'Intraocular','2017-02-22 20:05:00','1',NULL,NULL),(17,'Intraperitoneal','2017-02-22 20:05:00','1',NULL,NULL),(18,'Intrarraquídea','2017-02-22 20:05:00','1',NULL,NULL),(19,'Intratecal','2017-02-22 20:05:00','1',NULL,NULL),(20,'Intratumoral ','2017-02-22 20:05:00','1',NULL,NULL),(21,'Intrauterina','2017-02-22 20:05:00','1',NULL,NULL),(22,'Intravenosa','2017-02-22 20:05:00','1',NULL,NULL),(23,'Intravenosa en bolo','2017-02-22 20:05:00','1',NULL,NULL),(24,'Intravenosa en infusión','2017-02-22 20:05:00','1',NULL,NULL),(25,'Intravenosa lenta','2017-02-22 20:05:00','1',NULL,NULL),(26,'Intravenosa por infusión periférica','2017-02-22 20:05:00','1',NULL,NULL),(27,'Intravenosa, por catéter venoso central','2017-02-22 20:05:00','1',NULL,NULL),(28,'Intravesical','2017-02-22 20:05:00','1',NULL,NULL),(29,'Intravítrea.','2017-02-22 20:05:00','1',NULL,NULL),(30,'Mucocutánea','2017-02-22 20:05:00','1',NULL,NULL),(31,'Nasal','2017-02-22 20:05:00','1',NULL,NULL),(32,'Nasal con nebulización','2017-02-22 20:05:00','1',NULL,NULL),(33,'Oftálmica','2017-02-22 20:05:00','1',NULL,NULL),(34,'Oral','2017-02-22 20:05:00','1',NULL,NULL),(35,'Otica','2017-02-22 20:05:00','1',NULL,NULL),(36,'Rectal','2017-02-22 20:05:00','1',NULL,NULL),(37,'Subcutánea','2017-02-22 20:05:00','1',NULL,NULL),(38,'Sublingual','2017-02-22 20:05:00','1',NULL,NULL),(39,'Tópica','2017-02-22 20:05:00','1',NULL,NULL),(40,'Transdermica','2017-02-22 20:05:00','1',NULL,NULL),(41,'Vaginal','2017-02-22 20:05:00','1',NULL,NULL);
/*!40000 ALTER TABLE `viaadministracion` ENABLE KEYS */;
UNLOCK TABLES;

--
-- Table structure for table `sustanciaactiva`
--

DROP TABLE IF EXISTS `sustanciaactiva`;
/*!40101 SET @saved_cs_client     = @@character_set_client */;
/*!40101 SET character_set_client = utf8 */;
CREATE TABLE `sustanciaactiva` (
  `idSustanciaActiva` int(11) NOT NULL,
  `nombreSuatanciaActiva` varchar(300) COLLATE utf8_unicode_ci DEFAULT NULL,
  `activa` int(11) DEFAULT NULL,
  `insertFecha` datetime DEFAULT NULL,
  `insertUsuarioId` varchar(36) COLLATE utf8_unicode_ci DEFAULT NULL,
  `updateFecha` datetime DEFAULT NULL,
  `updateUsuarioId` varchar(36) COLLATE utf8_unicode_ci DEFAULT NULL,
  PRIMARY KEY (`idSustanciaActiva`)
) ENGINE=InnoDB DEFAULT CHARSET=utf8 COLLATE=utf8_unicode_ci COMMENT='Almacena el nombre de sustancias activas';
/*!40101 SET character_set_client = @saved_cs_client */;

--
-- Dumping data for table `sustanciaactiva`
--

LOCK TABLES `sustanciaactiva` WRITE;
/*!40000 ALTER TABLE `sustanciaactiva` DISABLE KEYS */;
INSERT INTO `sustanciaactiva` VALUES (1,'Caseinato de calcio',1,'2015-09-08 18:56:04','1','2015-09-21 12:56:43','1'),(2,'Benzatina bencilpenicilina',1,'2015-09-08 18:56:05','1','2015-09-08 18:56:05','1'),(3,'Nicotina',1,'2015-09-08 18:56:05','1','2015-09-08 18:56:05','1'),(4,'Vareniclina',1,'2015-09-08 18:56:05','1','2015-09-08 18:56:05','1'),(5,'Miel de maíz',1,'2015-09-08 18:56:05','1','2015-09-08 18:56:05','1'),(6,'Ácido acetilsalicílico',1,'2015-09-08 18:56:05','1','2015-09-08 18:56:05','1'),(7,'Paracetamol',1,'2015-09-08 18:56:05','1','2015-09-08 18:56:05','1'),(8,'Metamizol sódico',1,'2015-09-08 18:56:05','1','2015-09-08 18:56:05','1'),(9,'Butilhioscina – metamizol',1,'2015-09-08 18:56:05','1','2015-09-08 18:56:05','1'),(10,'Aceite mineral',1,'2015-09-08 18:56:05','1','2015-09-08 18:56:05','1'),(11,'Atropina',1,'2015-09-08 18:56:05','1','2015-09-08 18:56:05','1'),(12,'Desflurano',1,'2015-09-08 18:56:05','1','2015-09-08 18:56:05','1'),(13,'Isoflurano',1,'2015-09-08 18:56:05','1','2015-09-08 18:56:05','1'),(14,'Sevoflurano',1,'2015-09-08 18:56:05','1','2015-09-08 18:56:05','1'),(15,'Enoxaparina',1,'2015-09-08 18:56:05','1','2015-09-08 18:56:05','1'),(16,'Concentrado de proteínas humanas coagulables',1,'2015-09-08 18:56:05','1','2015-09-08 18:56:05','1'),(17,'Milrinona',1,'2015-09-08 18:56:05','1','2015-09-08 18:56:05','1'),(18,'Propofol',1,'2015-09-08 18:56:05','1','2015-09-08 18:56:05','1'),(19,'Dexmedetomidina',1,'2015-09-08 18:56:05','1','2015-09-08 18:56:05','1'),(20,'Suxametonio, Cloruro de',1,'2015-09-08 18:56:05','1','2015-09-08 18:56:05','1'),(21,'Vecuronio',1,'2015-09-08 18:56:05','1','2015-09-08 18:56:05','1'),(22,'Lidocaína',1,'2015-09-08 18:56:05','1','2015-09-08 18:56:05','1'),(23,'Lidocaína, epinefrina',1,'2015-09-08 18:56:05','1','2015-09-08 18:56:05','1'),(24,'Ropivacaina',1,'2015-09-08 18:56:05','1','2015-09-08 18:56:05','1'),(25,'Bupivacaína',1,'2015-09-08 18:56:05','1','2015-09-08 18:56:05','1'),(26,'Neostigmina',1,'2015-09-08 18:56:05','1','2015-09-08 18:56:05','1'),(27,'Naloxona',1,'2015-09-08 18:56:05','1','2015-09-08 18:56:05','1'),(28,'Clorfenamina',1,'2015-09-08 18:56:05','1','2015-09-08 18:56:05','1'),(29,'Difenhidramina',1,'2015-09-08 18:56:05','1','2015-09-08 18:56:05','1'),(30,'Aminofilina',1,'2015-09-08 18:56:05','1','2015-09-08 18:56:05','1'),(31,'Salbutamol',1,'2015-09-08 18:56:05','1','2015-09-08 18:56:05','1'),(32,'Terbutalina',1,'2015-09-08 18:56:05','1','2015-09-08 18:56:05','1'),(33,'Teofilina',1,'2015-09-08 18:56:05','1','2015-09-08 18:56:05','1'),(34,'Fluticasona',1,'2015-09-08 18:56:05','1','2015-09-08 18:56:05','1'),(35,'Salmeterol',1,'2015-09-08 18:56:05','1','2015-09-08 18:56:05','1'),(36,'Salmeterol - Fluticasona',1,'2015-09-08 18:56:05','1','2015-09-08 18:56:05','1'),(37,'Salmeterol, Fluticasona',1,'2015-09-08 18:56:05','1','2015-09-08 18:56:05','1'),(38,'Budesonida - formoterol',1,'2015-09-08 18:56:05','1','2015-09-08 18:56:05','1'),(39,'Ketotifeno',1,'2015-09-08 18:56:05','1','2015-09-08 18:56:05','1'),(40,'Cromoglicato de sodio',1,'2015-09-08 18:56:05','1','2015-09-08 18:56:05','1'),(41,'Prednisona',1,'2015-09-08 18:56:05','1','2015-09-08 18:56:05','1'),(42,'Hidrocortisona',1,'2015-09-08 18:56:05','1','2015-09-08 18:56:05','1'),(43,'Metilprednisolona',1,'2015-09-08 18:56:05','1','2015-09-08 18:56:05','1'),(44,'Beclometasona dipropionato de',1,'2015-09-08 18:56:05','1','2015-09-08 18:56:05','1'),(45,'Digoxina',1,'2015-09-08 18:56:05','1','2015-09-08 18:56:05','1'),(46,'Potasio sales de',1,'2015-09-08 18:56:05','1','2015-09-08 18:56:05','1'),(47,'Cloruro de potasio',1,'2015-09-08 18:56:05','1','2015-09-08 18:56:05','1'),(48,'Fenitoína',1,'2015-09-08 18:56:05','1','2015-09-08 18:56:05','1'),(49,'Quinidina',1,'2015-09-08 18:56:05','1','2015-09-08 18:56:05','1'),(50,'Propranolol',1,'2015-09-08 18:56:05','1','2015-09-08 18:56:05','1'),(51,'Propafenona',1,'2015-09-08 18:56:05','1','2015-09-08 18:56:05','1'),(52,'Clortalidona',1,'2015-09-08 18:56:05','1','2015-09-08 18:56:05','1'),(53,'Metildopa',1,'2015-09-08 18:56:05','1','2015-09-08 18:56:05','1'),(54,'Diazóxido',1,'2015-09-08 18:56:05','1','2015-09-08 18:56:05','1'),(55,'Nitroprusiato de sodio',1,'2015-09-08 18:56:05','1','2015-09-08 18:56:05','1'),(56,'Hidralazina',1,'2015-09-08 18:56:05','1','2015-09-08 18:56:05','1'),(57,'Metoprolol',1,'2015-09-08 18:56:05','1','2015-09-08 18:56:05','1'),(58,'Prazosina',1,'2015-09-08 18:56:05','1','2015-09-08 18:56:05','1'),(59,'Captopril',1,'2015-09-08 18:56:05','1','2015-09-08 18:56:05','1'),(60,'Trinitrato de glicerilo',1,'2015-09-08 18:56:05','1','2015-09-08 18:56:05','1'),(61,'Isosorbida',1,'2015-09-08 18:56:05','1','2015-09-08 18:56:05','1'),(62,'Verapamilo',1,'2015-09-08 18:56:05','1','2015-09-08 18:56:05','1'),(63,'Nifedipino',1,'2015-09-08 18:56:05','1','2015-09-08 18:56:05','1'),(64,'Epinefrina',1,'2015-09-08 18:56:05','1','2015-09-08 18:56:05','1'),(65,'Norepinefrina',1,'2015-09-08 18:56:05','1','2015-09-08 18:56:05','1'),(66,'Dopamina',1,'2015-09-08 18:56:05','1','2015-09-08 18:56:05','1'),(67,'Dobutamina',1,'2015-09-08 18:56:05','1','2015-09-08 18:56:05','1'),(68,'Heparina',1,'2015-09-08 18:56:05','1','2015-09-08 18:56:05','1'),(69,'Warfarina.',1,'2015-09-08 18:56:05','1','2015-09-08 18:56:05','1'),(70,'Acenocumarol',1,'2015-09-08 18:56:05','1','2015-09-08 18:56:05','1'),(71,'Protamina',1,'2015-09-08 18:56:05','1','2015-09-08 18:56:05','1'),(72,'Fitomenadiona',1,'2015-09-08 18:56:05','1','2015-09-08 18:56:05','1'),(73,'Dextrán',1,'2015-09-08 18:56:05','1','2015-09-08 18:56:05','1'),(74,'Dipiridamol',1,'2015-09-08 18:56:05','1','2015-09-08 18:56:05','1'),(75,'Bezafibrato',1,'2015-09-08 18:56:05','1','2015-09-08 18:56:05','1'),(76,'Ácido nicotínico',1,'2015-09-08 18:56:05','1','2015-09-08 18:56:05','1'),(77,'Pravastatina',1,'2015-09-08 18:56:05','1','2015-09-08 18:56:05','1'),(78,'Baño coloide',1,'2015-09-08 18:56:05','1','2015-09-08 18:56:05','1'),(79,'Óxido de zinc',1,'2015-09-08 18:56:05','1','2015-09-08 18:56:05','1'),(80,'Fluocinolona',1,'2015-09-08 18:56:05','1','2015-09-08 18:56:05','1'),(81,'Benzoilo',1,'2015-09-08 18:56:05','1','2015-09-08 18:56:05','1'),(82,'Alantoína y alquitrán de hulla',1,'2015-09-08 18:56:05','1','2015-09-08 18:56:05','1'),(83,'Bencilo',1,'2015-09-08 18:56:05','1','2015-09-08 18:56:05','1'),(84,'Permetrina',1,'2015-09-08 18:56:05','1','2015-09-08 18:56:05','1'),(85,'Alibour',1,'2015-09-08 18:56:05','1','2015-09-08 18:56:05','1'),(86,'Clioquinol',1,'2015-09-08 18:56:05','1','2015-09-08 18:56:05','1'),(87,'Miconazol',1,'2015-09-08 18:56:05','1','2015-09-08 18:56:05','1'),(88,'Podofilina',1,'2015-09-08 18:56:05','1','2015-09-08 18:56:05','1'),(89,'Fluorouracilo',1,'2015-09-08 18:56:05','1','2015-09-08 18:56:05','1'),(90,'Ácido retinoico',1,'2015-09-08 18:56:05','1','2015-09-08 18:56:05','1'),(91,'Dapsona',1,'2015-09-08 18:56:05','1','2015-09-08 18:56:05','1'),(92,'Lanolina y aceite mineral',1,'2015-09-08 18:56:05','1','2015-09-08 18:56:05','1'),(93,'Aceite de almendras dulces',1,'2015-09-08 18:56:05','1','2015-09-08 18:56:05','1'),(94,'Tiroxina/ Triyodotironina',1,'2015-09-08 18:56:05','1','2015-09-08 18:56:05','1'),(95,'Calcio',1,'2015-09-08 18:56:05','1','2015-09-08 18:56:05','1'),(96,'Levotiroxina',1,'2015-09-08 18:56:05','1','2015-09-08 18:56:05','1'),(97,'Tiamazol',1,'2015-09-08 18:56:05','1','2015-09-08 18:56:05','1'),(98,'Tolbutamida',1,'2015-09-08 18:56:05','1','2015-09-08 18:56:05','1'),(99,'Glibenclamida',1,'2015-09-08 18:56:05','1','2015-09-08 18:56:05','1'),(100,'Insulina humana acción intermedia NPH',1,'2015-09-08 18:56:05','1','2015-09-08 18:56:05','1'),(101,'Insulina humana acción rápida regular',1,'2015-09-08 18:56:05','1','2015-09-08 18:56:05','1'),(102,'Testosterona',1,'2015-09-08 18:56:05','1','2015-09-08 18:56:05','1'),(103,'Mesterolona',1,'2015-09-08 18:56:05','1','2015-09-08 18:56:05','1'),(104,'Gonadotrofina coriónica',1,'2015-09-08 18:56:05','1','2015-09-08 18:56:05','1'),(105,'Danazol',1,'2015-09-08 18:56:05','1','2015-09-08 18:56:05','1'),(106,'Cabergolina',1,'2015-09-08 18:56:05','1','2015-09-08 18:56:05','1'),(107,'Calcitriol',1,'2015-09-08 18:56:05','1','2015-09-08 18:56:05','1'),(108,'Bromocriptina',1,'2015-09-08 18:56:05','1','2015-09-08 18:56:05','1'),(109,'Desmopresina',1,'2015-09-08 18:56:05','1','2015-09-08 18:56:05','1'),(110,'Vitaminas A.C.D',1,'2015-09-08 18:56:05','1','2015-09-08 18:56:05','1'),(111,'Paricalcitol',1,'2015-09-08 18:56:05','1','2015-09-08 18:56:05','1'),(112,'Butilhioscina',1,'2015-09-08 18:56:05','1','2015-09-08 18:56:05','1'),(113,'Cisaprida',1,'2015-09-08 18:56:05','1','2015-09-08 18:56:05','1'),(114,'Pinaverio',1,'2015-09-08 18:56:05','1','2015-09-08 18:56:05','1'),(115,'Aluminio',1,'2015-09-08 18:56:05','1','2015-09-08 18:56:05','1'),(116,'Aluminio – magnesio',1,'2015-09-08 18:56:05','1','2015-09-08 18:56:05','1'),(117,'Ranitidina',1,'2015-09-08 18:56:05','1','2015-09-08 18:56:05','1'),(118,'Metoclopramida',1,'2015-09-08 18:56:05','1','2015-09-08 18:56:05','1'),(119,'Mesalazina',1,'2015-09-08 18:56:05','1','2015-09-08 18:56:05','1'),(120,'Bismuto',1,'2015-09-08 18:56:05','1','2015-09-08 18:56:05','1'),(121,'Senosidos A-B',1,'2015-09-08 18:56:05','1','2015-09-08 18:56:05','1'),(122,'Plántago psyllium',1,'2015-09-08 18:56:05','1','2015-09-08 18:56:05','1'),(123,'Senósidos A-B',1,'2015-09-08 18:56:05','1','2015-09-08 18:56:05','1'),(124,'Aceite de ricino',1,'2015-09-08 18:56:05','1','2015-09-08 18:56:05','1'),(125,'Magnesio',1,'2015-09-08 18:56:05','1','2015-09-08 18:56:05','1'),(126,'Fosfato y citrato de sodio',1,'2015-09-08 18:56:05','1','2015-09-08 18:56:05','1'),(127,'Glicerol',1,'2015-09-08 18:56:05','1','2015-09-08 18:56:05','1'),(128,'Diyodohidroxiquinoleína',1,'2015-09-08 18:56:05','1','2015-09-08 18:56:05','1'),(129,'Metronidazol',1,'2015-09-08 18:56:05','1','2015-09-08 18:56:05','1'),(130,'Quinfamida',1,'2015-09-08 18:56:05','1','2015-09-08 18:56:05','1'),(131,'Albendazol',1,'2015-09-08 18:56:05','1','2015-09-08 18:56:05','1'),(132,'Prazicuantel',1,'2015-09-08 18:56:05','1','2015-09-08 18:56:05','1'),(133,'Lidocaína - hidrocortisona',1,'2015-09-08 18:56:05','1','2015-09-08 18:56:05','1'),(134,'Estrógenos conjugados',1,'2015-09-08 18:56:05','1','2015-09-08 18:56:05','1'),(135,'Estradiol valerato de',1,'2015-09-08 18:56:05','1','2015-09-08 18:56:05','1'),(136,'Estradiol noretisterona',1,'2015-09-08 18:56:05','1','2015-09-08 18:56:05','1'),(137,'Estradiol ciproterona',1,'2015-09-08 18:56:05','1','2015-09-08 18:56:05','1'),(138,'Mestranol',1,'2015-09-08 18:56:05','1','2015-09-08 18:56:05','1'),(139,'Estrógenos conjugados y medroxiprogesterona',1,'2015-09-08 18:56:05','1','2015-09-08 18:56:05','1'),(140,'Ciproterona-Etinilestradiol',1,'2015-09-08 18:56:05','1','2015-09-08 18:56:05','1'),(141,'Estradiol trimegestona',1,'2015-09-08 18:56:05','1','2015-09-08 18:56:05','1'),(142,'Estradiol, drospirenona',1,'2015-09-08 18:56:05','1','2015-09-08 18:56:05','1'),(143,'Clormadinona',1,'2015-09-08 18:56:05','1','2015-09-08 18:56:05','1'),(144,'Hidroxiprogesterona caproato de',1,'2015-09-08 18:56:05','1','2015-09-08 18:56:05','1'),(145,'Clomifeno',1,'2015-09-08 18:56:05','1','2015-09-08 18:56:05','1'),(146,'Carbetocina',1,'2015-09-08 18:56:05','1','2015-09-08 18:56:05','1'),(147,'Oxitocina.',1,'2015-09-08 18:56:05','1','2015-09-08 18:56:05','1'),(148,'Atosibán',1,'2015-09-08 18:56:05','1','2015-09-08 18:56:05','1'),(149,'Orciprenalina',1,'2015-09-08 18:56:05','1','2015-09-08 18:56:05','1'),(150,'Nitrofural',1,'2015-09-08 18:56:05','1','2015-09-08 18:56:05','1'),(151,'Nistatina',1,'2015-09-08 18:56:05','1','2015-09-08 18:56:05','1'),(152,'Inmunoglobulina anti D',1,'2015-09-08 18:56:05','1','2015-09-08 18:56:05','1'),(153,'Ácido fólico',1,'2015-09-08 18:56:05','1','2015-09-08 18:56:05','1'),(154,'Fumarato ferroso',1,'2015-09-08 18:56:05','1','2015-09-08 18:56:05','1'),(155,'Sulfato ferroso',1,'2015-09-08 18:56:05','1','2015-09-08 18:56:05','1'),(156,'Hierro dextrán',1,'2015-09-08 18:56:05','1','2015-09-08 18:56:05','1'),(157,'Ácido folínico',1,'2015-09-08 18:56:05','1','2015-09-08 18:56:05','1'),(158,'Hidroxocobalamina',1,'2015-09-08 18:56:05','1','2015-09-08 18:56:05','1'),(159,'Hierro aminoquelado y ácido fólico',1,'2015-09-08 18:56:05','1','2015-09-08 18:56:05','1'),(160,'Sacarato ferrico',1,'2015-09-08 18:56:05','1','2015-09-08 18:56:05','1'),(161,'Menadiona',1,'2015-09-08 18:56:05','1','2015-09-08 18:56:05','1'),(162,'Estreptoquinasa',1,'2015-09-08 18:56:05','1','2015-09-08 18:56:05','1'),(163,'Ciclofosfamida',1,'2015-09-08 18:56:05','1','2015-09-08 18:56:05','1'),(164,'Clorambucilo',1,'2015-09-08 18:56:05','1','2015-09-08 18:56:05','1'),(165,'Busulfan',1,'2015-09-08 18:56:05','1','2015-09-08 18:56:05','1'),(166,'Melfalán',1,'2015-09-08 18:56:05','1','2015-09-08 18:56:05','1'),(167,'Carmustina',1,'2015-09-08 18:56:05','1','2015-09-08 18:56:05','1'),(168,'Metotrexato',1,'2015-09-08 18:56:05','1','2015-09-08 18:56:05','1'),(169,'Mercaptopurina',1,'2015-09-08 18:56:05','1','2015-09-08 18:56:05','1'),(170,'Doxorubicina',1,'2015-09-08 18:56:05','1','2015-09-08 18:56:05','1'),(171,'Bleomicina',1,'2015-09-08 18:56:05','1','2015-09-08 18:56:05','1'),(172,'Vincristina',1,'2015-09-08 18:56:05','1','2015-09-08 18:56:05','1'),(173,'Vinblastina',1,'2015-09-08 18:56:05','1','2015-09-08 18:56:05','1'),(174,'Procarbazina',1,'2015-09-08 18:56:05','1','2015-09-08 18:56:05','1'),(175,'Epirubicina',1,'2015-09-08 18:56:05','1','2015-09-08 18:56:05','1'),(176,'Citarabina',1,'2015-09-08 18:56:05','1','2015-09-08 18:56:05','1'),(177,'Trimetoprima - sulfametoxazol',1,'2015-09-08 18:56:05','1','2015-09-08 18:56:05','1'),(178,'Nitrofurantoína',1,'2015-09-08 18:56:05','1','2015-09-08 18:56:05','1'),(179,'Bencilpenicilina sódica cristalina',1,'2015-09-08 18:56:05','1','2015-09-08 18:56:05','1'),(180,'Bencilpenicilina procaínica - bencilpenicilina cristalina',1,'2015-09-08 18:56:05','1','2015-09-08 18:56:05','1'),(181,'Dicloxacilina',1,'2015-09-08 18:56:05','1','2015-09-08 18:56:05','1'),(182,'Ampicilina',1,'2015-09-08 18:56:05','1','2015-09-08 18:56:05','1'),(183,'Cefotaxima',1,'2015-09-08 18:56:05','1','2015-09-08 18:56:05','1'),(184,'Ceftriaxona',1,'2015-09-08 18:56:05','1','2015-09-08 18:56:05','1'),(185,'Bencilpenicilina benzatínica compuesta',1,'2015-09-08 18:56:05','1','2015-09-08 18:56:05','1'),(186,'Cefalexina',1,'2015-09-08 18:56:05','1','2015-09-08 18:56:05','1'),(187,'Doxiciclina',1,'2015-09-08 18:56:05','1','2015-09-08 18:56:05','1'),(188,'Kanamicina',1,'2015-09-08 18:56:05','1','2015-09-08 18:56:05','1'),(189,'Gentamicina',1,'2015-09-08 18:56:05','1','2015-09-08 18:56:05','1'),(190,'Amikacina',1,'2015-09-08 18:56:05','1','2015-09-08 18:56:05','1'),(191,'Azitromicina',1,'2015-09-08 18:56:05','1','2015-09-08 18:56:05','1'),(192,'Eritromicina',1,'2015-09-08 18:56:05','1','2015-09-08 18:56:05','1'),(193,'Clindamicina',1,'2015-09-08 18:56:05','1','2015-09-08 18:56:05','1'),(194,'Tetraciclina',1,'2015-09-08 18:56:05','1','2015-09-08 18:56:05','1'),(195,'Cloranfenicol',1,'2015-09-08 18:56:05','1','2015-09-08 18:56:05','1'),(196,'Amfotericina B',1,'2015-09-08 18:56:05','1','2015-09-08 18:56:05','1'),(197,'Ketoconazol',1,'2015-09-08 18:56:05','1','2015-09-08 18:56:05','1'),(198,'Itraconazol',1,'2015-09-08 18:56:05','1','2015-09-08 18:56:05','1'),(199,'Isoconazol',1,'2015-09-08 18:56:05','1','2015-09-08 18:56:05','1'),(200,'Cloroquina',1,'2015-09-08 18:56:05','1','2015-09-08 18:56:05','1'),(201,'Primaquina',1,'2015-09-08 18:56:05','1','2015-09-08 18:56:05','1'),(202,'Quinina',1,'2015-09-08 18:56:05','1','2015-09-08 18:56:05','1'),(203,'Tinidazol',1,'2015-09-08 18:56:05','1','2015-09-08 18:56:05','1'),(204,'Clonidina',1,'2015-09-08 18:56:05','1','2015-09-08 18:56:05','1'),(205,'Amlodipino',1,'2015-09-08 18:56:05','1','2015-09-08 18:56:05','1'),(206,'Diltiazem',1,'2015-09-08 18:56:05','1','2015-09-08 18:56:05','1'),(207,'Felodipino',1,'2015-09-08 18:56:05','1','2015-09-08 18:56:05','1'),(208,'Isoprenalina',1,'2015-09-08 18:56:05','1','2015-09-08 18:56:05','1'),(209,'Betametasona',1,'2015-09-08 18:56:05','1','2015-09-08 18:56:05','1'),(210,'Higroplex',1,'2015-09-08 18:56:05','1','2015-09-08 18:56:05','1'),(211,'Lecitina vegetal',1,'2015-09-08 18:56:05','1','2015-09-08 18:56:05','1'),(212,'Mupirocina',1,'2015-09-08 18:56:05','1','2015-09-08 18:56:05','1'),(213,'Padimato, parsol mcx y parsol 1789',1,'2015-09-08 18:56:05','1','2015-09-08 18:56:05','1'),(214,'Glucagon',1,'2015-09-08 18:56:05','1','2015-09-08 18:56:05','1'),(215,'Aciclovir',1,'2015-09-08 18:56:05','1','2015-09-08 18:56:05','1'),(216,'Amoxicilina',1,'2015-09-08 18:56:05','1','2015-09-08 18:56:05','1'),(217,'Amoxicilina - ácido clavulánico',1,'2015-09-08 18:56:05','1','2015-09-08 18:56:05','1'),(218,'Cefaclor',1,'2015-09-08 18:56:05','1','2015-09-08 18:56:05','1'),(219,'Claritromicina',1,'2015-09-08 18:56:05','1','2015-09-08 18:56:05','1'),(220,'Fluconazol',1,'2015-09-08 18:56:05','1','2015-09-08 18:56:05','1'),(221,'Mebendazol',1,'2015-09-08 18:56:05','1','2015-09-08 18:56:05','1'),(222,'Oxitetraciclina',1,'2015-09-08 18:56:05','1','2015-09-08 18:56:05','1'),(223,'Pirantel',1,'2015-09-08 18:56:05','1','2015-09-08 18:56:05','1'),(224,'Ribavirina',1,'2015-09-08 18:56:05','1','2015-09-08 18:56:05','1'),(225,'Roxitromicina',1,'2015-09-08 18:56:05','1','2015-09-08 18:56:05','1'),(226,'Loratadina',1,'2015-09-08 18:56:05','1','2015-09-08 18:56:05','1'),(227,'Plantago ovata - senósidos A y B',1,'2015-09-08 18:56:05','1','2015-09-08 18:56:05','1'),(228,'Betametasona acetato de y fosfato disódico de',1,'2015-09-08 18:56:05','1','2015-09-08 18:56:05','1'),(229,'Nadroparina',1,'2015-09-08 18:56:05','1','2015-09-08 18:56:05','1'),(230,'Espironolactona',1,'2015-09-08 18:56:05','1','2015-09-08 18:56:05','1'),(231,'Furosemida',1,'2015-09-08 18:56:05','1','2015-09-08 18:56:05','1'),(232,'Bromhexina',1,'2015-09-08 18:56:05','1','2015-09-08 18:56:05','1'),(233,'Dextrometorfano',1,'2015-09-08 18:56:05','1','2015-09-08 18:56:05','1'),(234,'Ipratropio',1,'2015-09-08 18:56:05','1','2015-09-08 18:56:05','1'),(235,'Leche descremada',1,'2015-09-08 18:56:05','1','2015-09-08 18:56:05','1'),(236,'Aminoácidos esenciales sin electrolitos',1,'2015-09-08 18:56:05','1','2015-09-08 18:56:05','1'),(237,'Levocarnitina.',1,'2015-09-08 18:56:05','1','2015-09-08 18:56:05','1'),(238,'Alcohol polivinílico',1,'2015-09-08 18:56:05','1','2015-09-08 18:56:05','1'),(239,'Betaxolol',1,'2015-09-08 18:56:05','1','2015-09-08 18:56:05','1'),(240,'Ciprofloxacino',1,'2015-09-08 18:56:05','1','2015-09-08 18:56:05','1'),(241,'Cloranfenicol y sulfacetamida sódica',1,'2015-09-08 18:56:05','1','2015-09-08 18:56:05','1'),(242,'Dexametasona',1,'2015-09-08 18:56:05','1','2015-09-08 18:56:05','1'),(243,'Dipivefrina',1,'2015-09-08 18:56:05','1','2015-09-08 18:56:05','1'),(244,'Feniramina/nafazolina',1,'2015-09-08 18:56:05','1','2015-09-08 18:56:05','1'),(245,'Fluorometalona',1,'2015-09-08 18:56:05','1','2015-09-08 18:56:05','1'),(246,'Levobunolol/alcohol polivinílico',1,'2015-09-08 18:56:05','1','2015-09-08 18:56:05','1'),(247,'Levocabastina',1,'2015-09-08 18:56:05','1','2015-09-08 18:56:05','1'),(248,'Levoepinefrina',1,'2015-09-08 18:56:05','1','2015-09-08 18:56:05','1'),(249,'Medrisona',1,'2015-09-08 18:56:05','1','2015-09-08 18:56:05','1'),(250,'Norfloxacino',1,'2015-09-08 18:56:05','1','2015-09-08 18:56:05','1'),(251,'Prednisolona',1,'2015-09-08 18:56:05','1','2015-09-08 18:56:05','1'),(252,'Prednisolona - sulfacetamida',1,'2015-09-08 18:56:05','1','2015-09-08 18:56:05','1'),(253,'Ipratropio - Salbutamol',1,'2015-09-08 18:56:05','1','2015-09-08 18:56:05','1'),(254,'Tobramicina',1,'2015-09-08 18:56:05','1','2015-09-08 18:56:05','1'),(255,'Vitamina A',1,'2015-09-08 18:56:05','1','2015-09-08 18:56:05','1'),(256,'Glicofosfopéptical',1,'2015-09-08 18:56:05','1','2015-09-08 18:56:05','1'),(257,'Ondansetron',1,'2015-09-08 18:56:05','1','2015-09-08 18:56:05','1'),(258,'Dimenhidrinato',1,'2015-09-08 18:56:05','1','2015-09-08 18:56:05','1'),(259,'Fenilpropanolamina y bromofeniramina',1,'2015-09-08 18:56:05','1','2015-09-08 18:56:05','1'),(260,'Oximetazolina',1,'2015-09-08 18:56:05','1','2015-09-08 18:56:05','1'),(261,'Penicilamina',1,'2015-09-08 18:56:05','1','2015-09-08 18:56:05','1'),(262,'Deferasirox',1,'2015-09-08 18:56:05','1','2015-09-08 18:56:05','1'),(263,'Tibolona',1,'2015-09-08 18:56:05','1','2015-09-08 18:56:05','1'),(264,'Levonorgestrel',1,'2015-09-08 18:56:05','1','2015-09-08 18:56:05','1'),(265,'Desogestrel',1,'2015-09-08 18:56:05','1','2015-09-08 18:56:05','1'),(266,'Metiltionino cloruro de (azul de metileno)',1,'2015-09-08 18:56:05','1','2015-09-08 18:56:05','1'),(267,'Carbón activado',1,'2015-09-08 18:56:05','1','2015-09-08 18:56:05','1'),(268,'Cinitaprida',1,'2015-09-08 18:56:05','1','2015-09-08 18:56:05','1'),(269,'Tiotropio, bromuro de',1,'2015-09-08 18:56:05','1','2015-09-08 18:56:05','1'),(270,'Hidroclorotiazida',1,'2015-09-08 18:56:05','1','2015-09-08 18:56:05','1'),(271,'Acetazolamida',1,'2015-09-08 18:56:05','1','2015-09-08 18:56:05','1'),(272,'Manitol',1,'2015-09-08 18:56:05','1','2015-09-08 18:56:05','1'),(273,'Ácido nalidíxico',1,'2015-09-08 18:56:05','1','2015-09-08 18:56:05','1'),(274,'Fenazopiridina',1,'2015-09-08 18:56:05','1','2015-09-08 18:56:05','1'),(275,'Metenamina',1,'2015-09-08 18:56:05','1','2015-09-08 18:56:05','1'),(276,'Solución para diálisis peritoneal',1,'2015-09-08 18:56:05','1','2015-09-08 18:56:05','1'),(277,'Solución para diálisis peritoneal con sistema de doble bolsa',1,'2015-09-08 18:56:05','1','2015-09-08 18:56:05','1'),(278,'Solución para diálisis peritoneal con aminoácidos',1,'2015-09-08 18:56:05','1','2015-09-08 18:56:05','1'),(279,'Solución para diálisis peritoneal con icodextrina',1,'2015-09-08 18:56:05','1','2015-09-08 18:56:05','1'),(280,'Sistema integral para la aplicacion de dialisis peritoneal continua ambulatoria',1,'2015-09-08 18:56:05','1','2015-09-08 18:56:05','1'),(281,'Sistema integral para la aplicacion de dialisis peritoneal automatizada',1,'2015-09-08 18:56:05','1','2015-09-08 18:56:05','1'),(282,'Estreptomicina',1,'2015-09-08 18:56:05','1','2015-09-08 18:56:05','1'),(283,'Isoniazida',1,'2015-09-08 18:56:05','1','2015-09-08 18:56:05','1'),(284,'Etambutol',1,'2015-09-08 18:56:05','1','2015-09-08 18:56:05','1'),(285,'Rifampicina',1,'2015-09-08 18:56:05','1','2015-09-08 18:56:05','1'),(286,'Pirazinamida',1,'2015-09-08 18:56:05','1','2015-09-08 18:56:05','1'),(287,'Rifampicina – isoniazida - pirazinamida',1,'2015-09-08 18:56:05','1','2015-09-08 18:56:05','1'),(288,'Isoniazida - rifampicina',1,'2015-09-08 18:56:05','1','2015-09-08 18:56:05','1'),(289,'Isoniazida - etambutol',1,'2015-09-08 18:56:05','1','2015-09-08 18:56:05','1'),(290,'Isoniazida - rifampicina-pirazinamida - etambutol',1,'2015-09-08 18:56:05','1','2015-09-08 18:56:05','1'),(291,'Benzonatato',1,'2015-09-08 18:56:05','1','2015-09-08 18:56:05','1'),(292,'Ambroxol',1,'2015-09-08 18:56:05','1','2015-09-08 18:56:05','1'),(293,'Clorfenamina compuesta',1,'2015-09-08 18:56:05','1','2015-09-08 18:56:05','1'),(294,'Enalapril o lisinopril o ramipril',1,'2015-09-08 18:56:05','1','2015-09-08 18:56:05','1'),(295,'Alopurinol',1,'2015-09-08 18:56:05','1','2015-09-08 18:56:05','1'),(296,'Ketoprofeno',1,'2015-09-08 18:56:05','1','2015-09-08 18:56:05','1'),(297,'Sodio bicarbonato de /potasio cloruro de',1,'2015-09-08 18:56:05','1','2015-09-08 18:56:05','1'),(298,'Bencilpenicilina procaínica',1,'2015-09-08 18:56:05','1','2015-09-08 18:56:05','1'),(299,'Aminoácidos cristalinos',1,'2015-09-08 18:56:05','1','2015-09-08 18:56:05','1'),(300,'Terazosina',1,'2015-09-08 18:56:05','1','2015-09-08 18:56:05','1'),(301,'Nitazoxanida',1,'2015-09-08 18:56:05','1','2015-09-08 18:56:05','1'),(302,'Losartán',1,'2015-09-08 18:56:05','1','2015-09-08 18:56:05','1'),(303,'Losartán e hidroclorotiazida',1,'2015-09-08 18:56:05','1','2015-09-08 18:56:05','1'),(304,'Candesartán Cilexetilo -Hidroclorotiazida',1,'2015-09-08 18:56:05','1','2015-09-08 18:56:05','1'),(305,'Telmisartán',1,'2015-09-08 18:56:05','1','2015-09-08 18:56:05','1'),(306,'Telmisartán – hidroclorotiazida',1,'2015-09-08 18:56:05','1','2015-09-08 18:56:05','1'),(307,'Carvedilol',1,'2015-09-08 18:56:05','1','2015-09-08 18:56:05','1'),(308,'Primidona',1,'2015-09-08 18:56:05','1','2015-09-08 18:56:05','1'),(309,'Levetiracetam',1,'2015-09-08 18:56:05','1','2015-09-08 18:56:05','1'),(310,'Ácido valproico',1,'2015-09-08 18:56:05','1','2015-09-08 18:56:05','1'),(311,'Valproato de magnesio',1,'2015-09-08 18:56:05','1','2015-09-08 18:56:05','1'),(312,'Oxcarbazepina',1,'2015-09-08 18:56:05','1','2015-09-08 18:56:05','1'),(313,'Valproato semisódico',1,'2015-09-08 18:56:05','1','2015-09-08 18:56:05','1'),(314,'Rotigotina',1,'2015-09-08 18:56:05','1','2015-09-08 18:56:05','1'),(315,'Pramipexol',1,'2015-09-08 18:56:05','1','2015-09-08 18:56:05','1'),(316,'Entacapona, levodopa, carbidopa',1,'2015-09-08 18:56:05','1','2015-09-08 18:56:05','1'),(317,'Piridostigmina',1,'2015-09-08 18:56:05','1','2015-09-08 18:56:05','1'),(318,'Dihidroergotamina/Paracetamol/ Cafeína',1,'2015-09-08 18:56:05','1','2015-09-08 18:56:05','1'),(319,'Ácido ascórbico',1,'2015-09-08 18:56:05','1','2015-09-08 18:56:05','1'),(320,'Vitaminas y minerales',1,'2015-09-08 18:56:05','1','2015-09-08 18:56:05','1'),(321,'Complejo B',1,'2015-09-08 18:56:05','1','2015-09-08 18:56:05','1'),(322,'Vitamina E',1,'2015-09-08 18:56:05','1','2015-09-08 18:56:05','1'),(323,'Nutrición parenteral',1,'2015-09-08 18:56:05','1','2015-09-08 18:56:05','1'),(324,'Lípidos intravenosos (Lípidos de cadena larga al 10%; soya ó soya / cártamo)',1,'2015-09-08 18:56:05','1','2015-09-08 18:56:05','1'),(325,'Dieta elemental.',1,'2015-09-08 18:56:05','1','2015-09-08 18:56:05','1'),(326,'Aminoácidos con electrolitos',1,'2015-09-08 18:56:05','1','2015-09-08 18:56:05','1'),(327,'Dieta polimérica a base de caseinato de calcio',1,'2015-09-08 18:56:05','1','2015-09-08 18:56:05','1'),(328,'Lípidos intravenosos (Lípidos de cadena mediana y larga al 20%; soya / triglicéridos)',1,'2015-09-08 18:56:05','1','2015-09-08 18:56:05','1'),(329,'Alanina y Levoglutamina',1,'2015-09-08 18:56:05','1','2015-09-08 18:56:05','1'),(330,'Lípidos intravenosos (Lípidos de cadena larga al 20%; oliva / soya)',1,'2015-09-08 18:56:05','1','2015-09-08 18:56:05','1'),(331,'Lípidos intravenosos: Aceite de pescado (acidos grasos)',1,'2015-09-08 18:56:05','1','2015-09-08 18:56:05','1'),(332,'Zinc y fenilefrina',1,'2015-09-08 18:56:05','1','2015-09-08 18:56:05','1'),(333,'Nafazolina',1,'2015-09-08 18:56:05','1','2015-09-08 18:56:05','1'),(334,'Hipromelosa',1,'2015-09-08 18:56:05','1','2015-09-08 18:56:05','1'),(335,'Neomicina, polimixina B y gramicidina',1,'2015-09-08 18:56:05','1','2015-09-08 18:56:05','1'),(336,'Neomicina, polimixina B y bacitracina',1,'2015-09-08 18:56:05','1','2015-09-08 18:56:05','1'),(337,'Idoxuridina',1,'2015-09-08 18:56:05','1','2015-09-08 18:56:05','1'),(338,'Sulfacetamida',1,'2015-09-08 18:56:05','1','2015-09-08 18:56:05','1'),(339,'Pilocarpina',1,'2015-09-08 18:56:05','1','2015-09-08 18:56:05','1'),(340,'Timolol',1,'2015-09-08 18:56:05','1','2015-09-08 18:56:05','1'),(341,'Fenilefrina',1,'2015-09-08 18:56:05','1','2015-09-08 18:56:05','1'),(342,'Homatropina',1,'2015-09-08 18:56:05','1','2015-09-08 18:56:05','1'),(343,'Proximetacaina',1,'2015-09-08 18:56:05','1','2015-09-08 18:56:05','1'),(344,'Cloruro de sodio',1,'2015-09-08 18:56:05','1','2015-09-08 18:56:05','1'),(345,'Acetilcolina cloruro de',1,'2015-09-08 18:56:05','1','2015-09-08 18:56:05','1'),(346,'Tiotepa',1,'2015-09-08 18:56:05','1','2015-09-08 18:56:05','1'),(347,'Dacarbazina',1,'2015-09-08 18:56:05','1','2015-09-08 18:56:05','1'),(348,'Mitomicina',1,'2015-09-08 18:56:05','1','2015-09-08 18:56:05','1'),(349,'Medroxiprogesterona',1,'2015-09-08 18:56:05','1','2015-09-08 18:56:05','1'),(350,'Cisplatino',1,'2015-09-08 18:56:05','1','2015-09-08 18:56:05','1'),(351,'Tamoxifeno',1,'2015-09-08 18:56:05','1','2015-09-08 18:56:05','1'),(352,'Goserelina',1,'2015-09-08 18:56:05','1','2015-09-08 18:56:05','1'),(353,'BCG Inmunoterapeutico',1,'2015-09-08 18:56:05','1','2015-09-08 18:56:05','1'),(354,'Leuprorelina',1,'2015-09-08 18:56:05','1','2015-09-08 18:56:05','1'),(355,'Difenidol',1,'2015-09-08 18:56:05','1','2015-09-08 18:56:05','1'),(356,'Neomicina, polimixina B, fluocinolona y lidocaína',1,'2015-09-08 18:56:05','1','2015-09-08 18:56:05','1'),(357,'Epinastina',1,'2015-09-08 18:56:05','1','2015-09-08 18:56:05','1'),(358,'Fexofenadina',1,'2015-09-08 18:56:05','1','2015-09-08 18:56:05','1'),(359,'Levocetirizina',1,'2015-09-08 18:56:05','1','2015-09-08 18:56:05','1'),(360,'Flupentixol',1,'2015-09-08 18:56:05','1','2015-09-08 18:56:05','1'),(361,'Ziprasidona',1,'2015-09-08 18:56:05','1','2015-09-08 18:56:05','1'),(362,'Atomoxetina',1,'2015-09-08 18:56:05','1','2015-09-08 18:56:05','1'),(363,'Dipiridamol-acido  acetilsalicilico',1,'2015-09-08 18:56:05','1','2015-09-08 18:56:05','1'),(364,'Acemetacina',1,'2015-09-08 18:56:05','1','2015-09-08 18:56:05','1'),(365,'Naproxeno',1,'2015-09-08 18:56:05','1','2015-09-08 18:56:05','1'),(366,'Colchicina',1,'2015-09-08 18:56:05','1','2015-09-08 18:56:05','1'),(367,'Indometacina',1,'2015-09-08 18:56:05','1','2015-09-08 18:56:05','1'),(368,'Piroxicam',1,'2015-09-08 18:56:05','1','2015-09-08 18:56:05','1'),(369,'Diclofenaco',1,'2015-09-08 18:56:05','1','2015-09-08 18:56:05','1'),(370,'Meloxicam',1,'2015-09-08 18:56:05','1','2015-09-08 18:56:05','1'),(371,'Ketorolaco trometamina',1,'2015-09-08 18:56:05','1','2015-09-08 18:56:05','1'),(372,'Orfenadrina',1,'2015-09-08 18:56:05','1','2015-09-08 18:56:05','1'),(373,'Metocarbamol',1,'2015-09-08 18:56:05','1','2015-09-08 18:56:05','1'),(374,'Probenecid',1,'2015-09-08 18:56:05','1','2015-09-08 18:56:05','1'),(375,'Azatioprina',1,'2015-09-08 18:56:05','1','2015-09-08 18:56:05','1'),(376,'Noretisterona',1,'2015-09-08 18:56:05','1','2015-09-08 18:56:05','1'),(377,'Levonorgestrel y etinilestradiol',1,'2015-09-08 18:56:05','1','2015-09-08 18:56:05','1'),(378,'Desogestrel y etinilestradiol',1,'2015-09-08 18:56:05','1','2015-09-08 18:56:05','1'),(379,'Noretisterona y etinilestradiol',1,'2015-09-08 18:56:05','1','2015-09-08 18:56:05','1'),(380,'Medroxiprogesterona y cipionato de estradiol',1,'2015-09-08 18:56:05','1','2015-09-08 18:56:05','1'),(381,'Etonogestrel',1,'2015-09-08 18:56:05','1','2015-09-08 18:56:05','1'),(382,'Norelgestromina y etinilestradiol',1,'2015-09-08 18:56:05','1','2015-09-08 18:56:05','1'),(383,'Noretisterona y estradiol',1,'2015-09-08 18:56:05','1','2015-09-08 18:56:05','1'),(384,'Glucosa',1,'2015-09-08 18:56:05','1','2015-09-08 18:56:05','1'),(385,'Cloruro de sodio y glucosa',1,'2015-09-08 18:56:05','1','2015-09-08 18:56:05','1'),(386,'Solución Hartmann',1,'2015-09-08 18:56:05','1','2015-09-08 18:56:05','1'),(387,'Fosfato de potasio',1,'2015-09-08 18:56:05','1','2015-09-08 18:56:05','1'),(388,'Bicarbonato de sodio',1,'2015-09-08 18:56:05','1','2015-09-08 18:56:05','1'),(389,'Gluconato de calcio',1,'2015-09-08 18:56:05','1','2015-09-08 18:56:05','1'),(390,'Electrolitos orales (Fórmula de osmolaridad baja)',1,'2015-09-08 18:56:05','1','2015-09-08 18:56:05','1'),(391,'Electrolitos orales',1,'2015-09-08 18:56:05','1','2015-09-08 18:56:05','1'),(392,'Magnesio sulfato de',1,'2015-09-08 18:56:05','1','2015-09-08 18:56:05','1'),(393,'Cloruro de sodio al 0.9%',1,'2015-09-08 18:56:05','1','2015-09-08 18:56:05','1'),(394,'Poligelina',1,'2015-09-08 18:56:05','1','2015-09-08 18:56:05','1'),(395,'Seroalbúmina humana o albúmina humana',1,'2015-09-08 18:56:05','1','2015-09-08 18:56:05','1'),(396,'Almidón',1,'2015-09-08 18:56:05','1','2015-09-08 18:56:05','1'),(397,'Polimerizado de gelatina',1,'2015-09-08 18:56:05','1','2015-09-08 18:56:05','1'),(398,'Agua inyectable',1,'2015-09-08 18:56:05','1','2015-09-08 18:56:05','1'),(399,'L-ornitina-L-aspartato',1,'2015-09-08 18:56:05','1','2015-09-08 18:56:05','1'),(400,'Rimonabant',1,'2015-09-08 18:56:05','1','2015-09-08 18:56:05','1'),(401,'Colágena-Polivinilpirrolidona',1,'2015-09-08 18:56:05','1','2015-09-08 18:56:05','1'),(402,'Rosuvastatina',1,'2015-09-08 18:56:05','1','2015-09-08 18:56:05','1'),(403,'Ezetimiba',1,'2015-09-08 18:56:05','1','2015-09-08 18:56:05','1'),(404,'Ezetimiba-Simvastatina',1,'2015-09-08 18:56:05','1','2015-09-08 18:56:05','1'),(405,'Clonixinato de lisina',1,'2015-09-08 18:56:05','1','2015-09-08 18:56:05','1'),(406,'Capsaicina',1,'2015-09-08 18:56:05','1','2015-09-08 18:56:05','1'),(407,'Etofenamato',1,'2015-09-08 18:56:05','1','2015-09-08 18:56:05','1'),(408,'Prilocaína, felipresina',1,'2015-09-08 18:56:05','1','2015-09-08 18:56:05','1'),(409,'Rocuronio, Bromuro de',1,'2015-09-08 18:56:05','1','2015-09-08 18:56:05','1'),(410,'Cisatracurio, besilato de',1,'2015-09-08 18:56:05','1','2015-09-08 18:56:05','1'),(411,'Irbesartán',1,'2015-09-08 18:56:05','1','2015-09-08 18:56:05','1'),(412,'Irbesartán - hidroclorotiazida',1,'2015-09-08 18:56:05','1','2015-09-08 18:56:05','1'),(413,'Amiodarona',1,'2015-09-08 18:56:05','1','2015-09-08 18:56:05','1'),(414,'Resina de colestiramina',1,'2015-09-08 18:56:05','1','2015-09-08 18:56:05','1'),(415,'Polidocanol',1,'2015-09-08 18:56:05','1','2015-09-08 18:56:05','1'),(416,'Pentoxifilina',1,'2015-09-08 18:56:05','1','2015-09-08 18:56:05','1'),(417,'Isosorbida dinitrato de',1,'2015-09-08 18:56:05','1','2015-09-08 18:56:05','1'),(418,'Isosorbida mononitrato de',1,'2015-09-08 18:56:05','1','2015-09-08 18:56:05','1'),(419,'Tirofiban',1,'2015-09-08 18:56:05','1','2015-09-08 18:56:05','1'),(420,'Simvastatina',1,'2015-09-08 18:56:05','1','2015-09-08 18:56:05','1'),(421,'Sulfadiazina de plata',1,'2015-09-08 18:56:05','1','2015-09-08 18:56:05','1'),(422,'Tacalcitol',1,'2015-09-08 18:56:05','1','2015-09-08 18:56:05','1'),(423,'Pimecrolimus',1,'2015-09-08 18:56:05','1','2015-09-08 18:56:05','1'),(424,'Mometasona',1,'2015-09-08 18:56:05','1','2015-09-08 18:56:05','1'),(425,'Hidroquinona',1,'2015-09-08 18:56:05','1','2015-09-08 18:56:05','1'),(426,'Tretinoína',1,'2015-09-08 18:56:05','1','2015-09-08 18:56:05','1'),(427,'Minociclina',1,'2015-09-08 18:56:05','1','2015-09-08 18:56:05','1'),(428,'Imiquimod',1,'2015-09-08 18:56:05','1','2015-09-08 18:56:05','1'),(429,'Folitropina beta',1,'2015-09-08 18:56:05','1','2015-09-08 18:56:05','1'),(430,'Folitropina alfa o folitropina beta',1,'2015-09-08 18:56:05','1','2015-09-08 18:56:05','1'),(431,'Lutropina alfa',1,'2015-09-08 18:56:05','1','2015-09-08 18:56:05','1'),(432,'Corticotropina',1,'2015-09-08 18:56:05','1','2015-09-08 18:56:05','1'),(433,'Insulina lispro lispro protamina',1,'2015-09-08 18:56:05','1','2015-09-08 18:56:05','1'),(434,'Pioglitazona',1,'2015-09-08 18:56:05','1','2015-09-08 18:56:05','1'),(435,'Rosiglitazona',1,'2015-09-08 18:56:05','1','2015-09-08 18:56:05','1'),(436,'Coriogonadotropina alfa',1,'2015-09-08 18:56:05','1','2015-09-08 18:56:05','1'),(437,'Sitagliptina',1,'2015-09-08 18:56:05','1','2015-09-08 18:56:05','1'),(438,'Vasopresina',1,'2015-09-08 18:56:05','1','2015-09-08 18:56:05','1'),(439,'Gonadotrofinas postmenopáusicas humanas',1,'2015-09-08 18:56:05','1','2015-09-08 18:56:05','1'),(440,'Insulina aspártica',1,'2015-09-08 18:56:05','1','2015-09-08 18:56:05','1'),(441,'Insulina humana de acción intermedia lenta',1,'2015-09-08 18:56:05','1','2015-09-08 18:56:05','1'),(442,'Insulina glargina',1,'2015-09-08 18:56:05','1','2015-09-08 18:56:05','1'),(443,'Fludrocortisona',1,'2015-09-08 18:56:05','1','2015-09-08 18:56:05','1'),(444,'Ácido alendrónico',1,'2015-09-08 18:56:05','1','2015-09-08 18:56:05','1'),(445,'Insulina lispro',1,'2015-09-08 18:56:05','1','2015-09-08 18:56:05','1'),(446,'Raloxifeno',1,'2015-09-08 18:56:05','1','2015-09-08 18:56:05','1'),(447,'Insulina detemir',1,'2015-09-08 18:56:05','1','2015-09-08 18:56:05','1'),(448,'Ácido risedrónico',1,'2015-09-08 18:56:05','1','2015-09-08 18:56:05','1'),(449,'Insulina glulisina',1,'2015-09-08 18:56:05','1','2015-09-08 18:56:05','1'),(450,'Exenatida',1,'2015-09-08 18:56:05','1','2015-09-08 18:56:05','1'),(451,'Teriparatida',1,'2015-09-08 18:56:05','1','2015-09-08 18:56:05','1'),(452,'Neomicina',1,'2015-09-08 18:56:05','1','2015-09-08 18:56:05','1'),(453,'Loperamida',1,'2015-09-08 18:56:05','1','2015-09-08 18:56:05','1'),(454,'Acido ursodeoxicólico',1,'2015-09-08 18:56:05','1','2015-09-08 18:56:05','1'),(455,'Pancreatina',1,'2015-09-08 18:56:05','1','2015-09-08 18:56:05','1'),(456,'Polietilenglicol',1,'2015-09-08 18:56:05','1','2015-09-08 18:56:05','1'),(457,'Tegaserod',1,'2015-09-08 18:56:05','1','2015-09-08 18:56:05','1'),(458,'Nesiritida',1,'2015-09-08 18:56:05','1','2015-09-08 18:56:05','1'),(459,'Dinoprostona',1,'2015-09-08 18:56:05','1','2015-09-08 18:56:05','1'),(460,'Estriol',1,'2015-09-08 18:56:05','1','2015-09-08 18:56:05','1'),(461,'Progesterona',1,'2015-09-08 18:56:05','1','2015-09-08 18:56:05','1'),(462,'Cetroelix',1,'2015-09-08 18:56:05','1','2015-09-08 18:56:05','1'),(463,'Complejo coagulante anti-Inhibidor del factor VIII',1,'2015-09-08 18:56:05','1','2015-09-08 18:56:05','1'),(464,'Fondaparinux',1,'2015-09-08 18:56:05','1','2015-09-08 18:56:05','1'),(465,'Imatinib',1,'2015-09-08 18:56:05','1','2015-09-08 18:56:05','1'),(466,'Hidroxicarbamida',1,'2015-09-08 18:56:05','1','2015-09-08 18:56:05','1'),(467,'Daunorubicina',1,'2015-09-08 18:56:05','1','2015-09-08 18:56:05','1'),(468,'L-asparginasa',1,'2015-09-08 18:56:05','1','2015-09-08 18:56:05','1'),(469,'Etopósido',1,'2015-09-08 18:56:05','1','2015-09-08 18:56:05','1'),(470,'Inmunoglobulina antilinfocitos T humanos',1,'2015-09-08 18:56:05','1','2015-09-08 18:56:05','1'),(471,'Globulina equina antitimocitica humana',1,'2015-09-08 18:56:05','1','2015-09-08 18:56:05','1'),(472,'Mitoxantrona',1,'2015-09-08 18:56:05','1','2015-09-08 18:56:05','1'),(473,'Ciclosporina',1,'2015-09-08 18:56:05','1','2015-09-08 18:56:05','1'),(474,'Ácido aminocaproico',1,'2015-09-08 18:56:05','1','2015-09-08 18:56:05','1'),(475,'Eptacog alfa (Factor de coagulación VII alfa recombinante)',1,'2015-09-08 18:56:05','1','2015-09-08 18:56:05','1'),(476,'Eptacog alfa (Factor de  coagulación VII alfa recombinante)',1,'2015-09-08 18:56:05','1','2015-09-08 18:56:05','1'),(477,'Factor antihemofílico humano',1,'2015-09-08 18:56:05','1','2015-09-08 18:56:05','1'),(478,'Fluvastatina',1,'2015-09-08 18:56:05','1','2015-09-08 18:56:05','1'),(479,'Clopidogrel',1,'2015-09-08 18:56:05','1','2015-09-08 18:56:05','1'),(480,'Abciximab',1,'2015-09-08 18:56:05','1','2015-09-08 18:56:05','1'),(481,'Levofloxacino',1,'2015-09-08 18:56:05','1','2015-09-08 18:56:05','1'),(482,'Vancomicina',1,'2015-09-08 18:56:05','1','2015-09-08 18:56:05','1'),(483,'Moxifloxacino',1,'2015-09-08 18:56:05','1','2015-09-08 18:56:05','1'),(484,'Ceftazidima',1,'2015-09-08 18:56:05','1','2015-09-08 18:56:05','1'),(485,'Talidomida',1,'2015-09-08 18:56:05','1','2015-09-08 18:56:05','1'),(486,'Zidovudina',1,'2015-09-08 18:56:05','1','2015-09-08 18:56:05','1'),(487,'Ofloxacina',1,'2015-09-08 18:56:05','1','2015-09-08 18:56:05','1'),(488,'Ciprofibrato',1,'2015-09-08 18:56:05','1','2015-09-08 18:56:05','1'),(489,'Atazanavir',1,'2015-09-08 18:56:05','1','2015-09-08 18:56:05','1'),(490,'Lamivudina - Zidovudina',1,'2015-09-08 18:56:05','1','2015-09-08 18:56:05','1'),(491,'Enfuvirtida',1,'2015-09-08 18:56:05','1','2015-09-08 18:56:05','1'),(492,'Lamivudina',1,'2015-09-08 18:56:05','1','2015-09-08 18:56:05','1'),(493,'Abacavir',1,'2015-09-08 18:56:05','1','2015-09-08 18:56:05','1'),(494,'Tipranavir',1,'2015-09-08 18:56:05','1','2015-09-08 18:56:05','1'),(495,'Amprenavir',1,'2015-09-08 18:56:05','1','2015-09-08 18:56:05','1'),(496,'Emtricitabina',1,'2015-09-08 18:56:05','1','2015-09-08 18:56:05','1'),(497,'Tenofovir Disoproxil Fumarato o Tenofovir',1,'2015-09-08 18:56:05','1','2015-09-08 18:56:05','1'),(498,'Fosamprenavir',1,'2015-09-08 18:56:05','1','2015-09-08 18:56:05','1'),(499,'Gentamicina colageno',1,'2015-09-08 18:56:05','1','2015-09-08 18:56:05','1'),(500,'Darunavir',1,'2015-09-08 18:56:05','1','2015-09-08 18:56:05','1'),(501,'Linezolid',1,'2015-09-08 18:56:05','1','2015-09-08 18:56:05','1'),(502,'Ertapenem',1,'2015-09-08 18:56:05','1','2015-09-08 18:56:05','1'),(503,'Finasterida',1,'2015-09-08 18:56:05','1','2015-09-08 18:56:05','1'),(504,'Tolterodina',1,'2015-09-08 18:56:05','1','2015-09-08 18:56:05','1'),(505,'Oxibutinina',1,'2015-09-08 18:56:05','1','2015-09-08 18:56:05','1'),(506,'Cilostazol',1,'2015-09-08 18:56:05','1','2015-09-08 18:56:05','1'),(507,'Sildenafil',1,'2015-09-08 18:56:05','1','2015-09-08 18:56:05','1'),(508,'Vardenafil',1,'2015-09-08 18:56:05','1','2015-09-08 18:56:05','1'),(509,'Tadalafil',1,'2015-09-08 18:56:05','1','2015-09-08 18:56:05','1'),(510,'Palivizumab',1,'2015-09-08 18:56:05','1','2015-09-08 18:56:05','1'),(511,'Nilotinib',1,'2015-09-08 18:56:05','1','2015-09-08 18:56:05','1'),(512,'Dasatinib',1,'2015-09-08 18:56:05','1','2015-09-08 18:56:05','1'),(513,'Factor VIII de la coagulación humano',1,'2015-09-08 18:56:05','1','2015-09-08 18:56:05','1'),(514,'Alemtuzumab',1,'2015-09-08 18:56:05','1','2015-09-08 18:56:05','1'),(515,'Acetilcisteína',1,'2015-09-08 18:56:05','1','2015-09-08 18:56:05','1'),(516,'Montelukast',1,'2015-09-08 18:56:05','1','2015-09-08 18:56:05','1'),(517,'Zafirlukast',1,'2015-09-08 18:56:05','1','2015-09-08 18:56:05','1'),(518,'Budesonida',1,'2015-09-08 18:56:05','1','2015-09-08 18:56:05','1'),(519,'Omalizumab',1,'2015-09-08 18:56:05','1','2015-09-08 18:56:05','1'),(520,'Toxina botulínica tipo A',1,'2015-09-08 18:56:05','1','2015-09-08 18:56:05','1'),(521,'Pregabalina',1,'2015-09-08 18:56:05','1','2015-09-08 18:56:05','1'),(522,'Sumatriptán',1,'2015-09-08 18:56:05','1','2015-09-08 18:56:05','1'),(523,'Gabapentina',1,'2015-09-08 18:56:05','1','2015-09-08 18:56:05','1'),(524,'Rizatriptán',1,'2015-09-08 18:56:05','1','2015-09-08 18:56:05','1'),(525,'Zolmitriptano',1,'2015-09-08 18:56:05','1','2015-09-08 18:56:05','1'),(526,'Acetato de glatiramer',1,'2015-09-08 18:56:05','1','2015-09-08 18:56:05','1'),(527,'Donepecilo',1,'2015-09-08 18:56:05','1','2015-09-08 18:56:05','1'),(528,'Eletriptán',1,'2015-09-08 18:56:05','1','2015-09-08 18:56:05','1'),(529,'Abacavir - lamivudina - zidovudina',1,'2015-09-08 18:56:05','1','2015-09-08 18:56:05','1'),(530,'Efavirenz',1,'2015-09-08 18:56:05','1','2015-09-08 18:56:05','1'),(531,'Abacavir-lamivudina',1,'2015-09-08 18:56:05','1','2015-09-08 18:56:05','1'),(532,'Valaciclovir',1,'2015-09-08 18:56:05','1','2015-09-08 18:56:05','1'),(533,'Valganciclovir',1,'2015-09-08 18:56:05','1','2015-09-08 18:56:05','1'),(534,'Zanamivir',1,'2015-09-08 18:56:05','1','2015-09-08 18:56:05','1'),(535,'Adefovir',1,'2015-09-08 18:56:05','1','2015-09-08 18:56:05','1'),(536,'Vitaminas (Polivitaminas) y minerales',1,'2015-09-08 18:56:05','1','2015-09-08 18:56:05','1'),(537,'Selenio',1,'2015-09-08 18:56:05','1','2015-09-08 18:56:05','1'),(538,'Rivastigmina',1,'2015-09-08 18:56:05','1','2015-09-08 18:56:05','1'),(539,'Entecavir',1,'2015-09-08 18:56:05','1','2015-09-08 18:56:05','1'),(540,'Emtricitabina-Tenofovir disoproxil fumarato',1,'2015-09-08 18:56:05','1','2015-09-08 18:56:05','1'),(541,'Hialuronato de sodio',1,'2015-09-08 18:56:05','1','2015-09-08 18:56:05','1'),(542,'Tetracaína',1,'2015-09-08 18:56:05','1','2015-09-08 18:56:05','1'),(543,'Tropicamida',1,'2015-09-08 18:56:05','1','2015-09-08 18:56:05','1'),(544,'Dorzolamida',1,'2015-09-08 18:56:05','1','2015-09-08 18:56:05','1'),(545,'Latanoprost',1,'2015-09-08 18:56:05','1','2015-09-08 18:56:05','1'),(546,'Dorzolamida y timolol',1,'2015-09-08 18:56:05','1','2015-09-08 18:56:05','1'),(547,'Brimonidina',1,'2015-09-08 18:56:05','1','2015-09-08 18:56:05','1'),(548,'Verteporfina',1,'2015-09-08 18:56:05','1','2015-09-08 18:56:05','1'),(549,'Travoprost',1,'2015-09-08 18:56:05','1','2015-09-08 18:56:05','1'),(550,'Brimonidina - timolol',1,'2015-09-08 18:56:05','1','2015-09-08 18:56:05','1'),(551,'Lomustina',1,'2015-09-08 18:56:05','1','2015-09-08 18:56:05','1'),(552,'Dactinomicina',1,'2015-09-08 18:56:05','1','2015-09-08 18:56:05','1'),(553,'Carboplatino',1,'2015-09-08 18:56:05','1','2015-09-08 18:56:05','1'),(554,'Ifosfamida',1,'2015-09-08 18:56:05','1','2015-09-08 18:56:05','1'),(555,'Mesna',1,'2015-09-08 18:56:05','1','2015-09-08 18:56:05','1'),(556,'Idarubicina',1,'2015-09-08 18:56:05','1','2015-09-08 18:56:05','1'),(557,'Vinorelbina',1,'2015-09-08 18:56:05','1','2015-09-08 18:56:05','1'),(558,'Oprelvekina',1,'2015-09-08 18:56:05','1','2015-09-08 18:56:05','1'),(559,'Palonosetrón',1,'2015-09-08 18:56:05','1','2015-09-08 18:56:05','1'),(560,'Granisetron',1,'2015-09-08 18:56:05','1','2015-09-08 18:56:05','1'),(561,'Aprepitant',1,'2015-09-08 18:56:05','1','2015-09-08 18:56:05','1'),(562,'Dexrazoxano',1,'2015-09-08 18:56:05','1','2015-09-08 18:56:05','1'),(563,'Bortezomib',1,'2015-09-08 18:56:05','1','2015-09-08 18:56:05','1'),(564,'Galantamina',1,'2015-09-08 18:56:05','1','2015-09-08 18:56:05','1'),(565,'Escitalopram',1,'2015-09-08 18:56:05','1','2015-09-08 18:56:05','1'),(566,'Fluoxetina',1,'2015-09-08 18:56:05','1','2015-09-08 18:56:05','1'),(567,'Duloxetina',1,'2015-09-08 18:56:05','1','2015-09-08 18:56:05','1'),(568,'Reboxetina',1,'2015-09-08 18:56:05','1','2015-09-08 18:56:05','1'),(569,'Venlafaxina',1,'2015-09-08 18:56:05','1','2015-09-08 18:56:05','1'),(570,'Olanzapina',1,'2015-09-08 18:56:05','1','2015-09-08 18:56:05','1'),(571,'Aripiprazol',1,'2015-09-08 18:56:05','1','2015-09-08 18:56:05','1'),(572,'Aurotiomalato sódico',1,'2015-09-08 18:56:05','1','2015-09-08 18:56:05','1'),(573,'Sulfasalazina',1,'2015-09-08 18:56:05','1','2015-09-08 18:56:05','1'),(574,'Deflazacort',1,'2015-09-08 18:56:05','1','2015-09-08 18:56:05','1'),(575,'Infliximab',1,'2015-09-08 18:56:05','1','2015-09-08 18:56:05','1'),(576,'Etanercept',1,'2015-09-08 18:56:05','1','2015-09-08 18:56:05','1'),(577,'Adalimumab',1,'2015-09-08 18:56:05','1','2015-09-08 18:56:05','1'),(578,'Tocilizumab',1,'2015-09-08 18:56:05','1','2015-09-08 18:56:05','1'),(579,'Leflunomida',1,'2015-09-08 18:56:05','1','2015-09-08 18:56:05','1'),(580,'Linestrenol',1,'2015-09-08 18:56:05','1','2015-09-08 18:56:05','1'),(581,'Teicoplanina',1,'2015-09-08 18:56:05','1','2015-09-08 18:56:05','1'),(582,'Rimantadina',1,'2015-09-08 18:56:05','1','2015-09-08 18:56:05','1'),(583,'Oseltamivir',1,'2015-09-08 18:56:05','1','2015-09-08 18:56:05','1'),(584,'Tigeciclina',1,'2015-09-08 18:56:05','1','2015-09-08 18:56:05','1'),(585,'Piperacilina – tazobactam',1,'2015-09-08 18:56:05','1','2015-09-08 18:56:05','1'),(586,'Cloropiramina',1,'2015-09-08 18:56:05','1','2015-09-08 18:56:05','1'),(587,'Tacrolimus',1,'2015-09-08 18:56:05','1','2015-09-08 18:56:05','1'),(588,'Daclizumab',1,'2015-09-08 18:56:05','1','2015-09-08 18:56:05','1'),(589,'Sirolimus',1,'2015-09-08 18:56:05','1','2015-09-08 18:56:05','1'),(590,'Levosimendan',1,'2015-09-08 18:56:05','1','2015-09-08 18:56:05','1'),(591,'Adenosina',1,'2015-09-08 18:56:05','1','2015-09-08 18:56:05','1'),(592,'Esmolol',1,'2015-09-08 18:56:05','1','2015-09-08 18:56:05','1'),(593,'Atorvastatina',1,'2015-09-08 18:56:05','1','2015-09-08 18:56:05','1'),(594,'Alteplasa',1,'2015-09-08 18:56:05','1','2015-09-08 18:56:05','1'),(595,'Valsartán',1,'2015-09-08 18:56:05','1','2015-09-08 18:56:05','1'),(596,'Tenecteplasa',1,'2015-09-08 18:56:05','1','2015-09-08 18:56:05','1'),(597,'Metoxaleno',1,'2015-09-08 18:56:05','1','2015-09-08 18:56:05','1'),(598,'Antralina',1,'2015-09-08 18:56:05','1','2015-09-08 18:56:05','1'),(599,'Alantoína, alquitrán de hulla y clioquinol',1,'2015-09-08 18:56:05','1','2015-09-08 18:56:05','1'),(600,'Tirotropina alfa',1,'2015-09-08 18:56:05','1','2015-09-08 18:56:05','1'),(601,'Sevelámero',1,'2015-09-08 18:56:05','1','2015-09-08 18:56:05','1'),(602,'Calcitonina',1,'2015-09-08 18:56:05','1','2015-09-08 18:56:05','1'),(603,'Somatropina',1,'2015-09-08 18:56:05','1','2015-09-08 18:56:05','1'),(604,'Metformina',1,'2015-09-08 18:56:05','1','2015-09-08 18:56:05','1'),(605,'Acarbosa',1,'2015-09-08 18:56:05','1','2015-09-08 18:56:05','1'),(606,'Octreotida',1,'2015-09-08 18:56:05','1','2015-09-08 18:56:05','1'),(607,'Somatopina',1,'2015-09-08 18:56:05','1','2015-09-08 18:56:05','1'),(608,'Sucralfato',1,'2015-09-08 18:56:05','1','2015-09-08 18:56:05','1'),(609,'Pantoprazol o Rabeprazol u Omeprazol',1,'2015-09-08 18:56:05','1','2015-09-08 18:56:05','1'),(610,'Omeprazol o Pantoprazol',1,'2015-09-08 18:56:05','1','2015-09-08 18:56:05','1'),(611,'Esomeprazol',1,'2015-09-08 18:56:05','1','2015-09-08 18:56:05','1'),(612,'Terlipresina',1,'2015-09-08 18:56:05','1','2015-09-08 18:56:05','1'),(613,'Urofolitropina',1,'2015-09-08 18:56:05','1','2015-09-08 18:56:05','1'),(614,'Folitropina beta o folitropina alfa',1,'2015-09-08 18:56:05','1','2015-09-08 18:56:05','1'),(615,'Peginterferón alfa-2b',1,'2015-09-08 18:56:05','1','2015-09-08 18:56:05','1'),(616,'Peginterferon alfa 2a',1,'2015-09-08 18:56:05','1','2015-09-08 18:56:05','1'),(617,'Peginterferon alfa-2b',1,'2015-09-08 18:56:05','1','2015-09-08 18:56:05','1'),(618,'Piridoxina',1,'2015-09-08 18:56:05','1','2015-09-08 18:56:05','1'),(619,'Ranibizumab',1,'2015-09-08 18:56:05','1','2015-09-08 18:56:05','1'),(620,'Interferón (beta)',1,'2015-09-08 18:56:05','1','2015-09-08 18:56:05','1'),(621,'Factor IX',1,'2015-09-08 18:56:05','1','2015-09-08 18:56:05','1'),(622,'Anticuerpos monoclonales CD3',1,'2015-09-08 18:56:05','1','2015-09-08 18:56:05','1'),(623,'Inmunoglobulina G no modificada',1,'2015-09-08 18:56:05','1','2015-09-08 18:56:05','1'),(624,'Interferón alfa 2a',1,'2015-09-08 18:56:05','1','2015-09-08 18:56:05','1'),(625,'Interferón alfa 2b',1,'2015-09-08 18:56:05','1','2015-09-08 18:56:05','1'),(626,'Aprotinina',1,'2015-09-08 18:56:05','1','2015-09-08 18:56:05','1'),(627,'Factor VIII recombinante',1,'2015-09-08 18:56:05','1','2015-09-08 18:56:05','1'),(628,'Cefalotina',1,'2015-09-08 18:56:05','1','2015-09-08 18:56:05','1'),(629,'Natalizumab',1,'2015-09-08 18:56:05','1','2015-09-08 18:56:05','1'),(630,'Nevirapina',1,'2015-09-08 18:56:05','1','2015-09-08 18:56:05','1'),(631,'Pirimetamina',1,'2015-09-08 18:56:05','1','2015-09-08 18:56:05','1'),(632,'Cefuroxima',1,'2015-09-08 18:56:05','1','2015-09-08 18:56:05','1'),(633,'Imipenem y cilastatina',1,'2015-09-08 18:56:05','1','2015-09-08 18:56:05','1'),(634,'Ganciclovir',1,'2015-09-08 18:56:05','1','2015-09-08 18:56:05','1'),(635,'Didanosina',1,'2015-09-08 18:56:05','1','2015-09-08 18:56:05','1'),(636,'Etravirina',1,'2015-09-08 18:56:05','1','2015-09-08 18:56:05','1'),(637,'Lopinavir-Ritonavir',1,'2015-09-08 18:56:05','1','2015-09-08 18:56:05','1'),(638,'Indinavir',1,'2015-09-08 18:56:05','1','2015-09-08 18:56:05','1'),(639,'Raltegravir',1,'2015-09-08 18:56:05','1','2015-09-08 18:56:05','1'),(640,'Ritonavir',1,'2015-09-08 18:56:05','1','2015-09-08 18:56:05','1'),(641,'Cefepima',1,'2015-09-08 18:56:05','1','2015-09-08 18:56:05','1'),(642,'Saquinavir',1,'2015-09-08 18:56:05','1','2015-09-08 18:56:05','1'),(643,'Meropenem',1,'2015-09-08 18:56:05','1','2015-09-08 18:56:05','1'),(644,'Estavudina',1,'2015-09-08 18:56:05','1','2015-09-08 18:56:05','1'),(645,'Ácido micofenólico',1,'2015-09-08 18:56:05','1','2015-09-08 18:56:05','1'),(646,'Alfa cetoanálogos de aminoácidos',1,'2015-09-08 18:56:05','1','2015-09-08 18:56:05','1'),(647,'Plerixafor',1,'2015-09-08 18:56:05','1','2015-09-08 18:56:05','1'),(648,'Basiliximab',1,'2015-09-08 18:56:05','1','2015-09-08 18:56:05','1'),(649,'Tamsulosina',1,'2015-09-08 18:56:05','1','2015-09-08 18:56:05','1'),(650,'Cefpiroma',1,'2015-09-08 18:56:05','1','2015-09-08 18:56:05','1'),(651,'Quinupristina - dalfopristina',1,'2015-09-08 18:56:05','1','2015-09-08 18:56:05','1'),(652,'Caspofungina',1,'2015-09-08 18:56:05','1','2015-09-08 18:56:05','1'),(653,'Voriconazol',1,'2015-09-08 18:56:05','1','2015-09-08 18:56:05','1'),(654,'Dutasterida',1,'2015-09-08 18:56:05','1','2015-09-08 18:56:05','1'),(655,'Maraviroc',1,'2015-09-08 18:56:05','1','2015-09-08 18:56:05','1'),(656,'Pentamidina',1,'2015-09-08 18:56:05','1','2015-09-08 18:56:05','1'),(657,'Alfa dornasa',1,'2015-09-08 18:56:05','1','2015-09-08 18:56:05','1'),(658,'Beractant',1,'2015-09-08 18:56:05','1','2015-09-08 18:56:05','1'),(659,'Eritropoyetina',1,'2015-09-08 18:56:05','1','2015-09-08 18:56:05','1'),(660,'Fosfolipidos de pulmon  porcino',1,'2015-09-08 18:56:05','1','2015-09-08 18:56:05','1'),(661,'Fosfolipidos de pulmon porcino',1,'2015-09-08 18:56:05','1','2015-09-08 18:56:05','1'),(662,'Antitrombina III',1,'2015-09-08 18:56:05','1','2015-09-08 18:56:05','1'),(663,'Drotrecogin alfa',1,'2015-09-08 18:56:05','1','2015-09-08 18:56:05','1'),(664,'Cloral',1,'2015-09-08 18:56:05','1','2015-09-08 18:56:05','1'),(665,'Flunarizina',1,'2015-09-08 18:56:05','1','2015-09-08 18:56:05','1'),(666,'Nimodipino',1,'2015-09-08 18:56:05','1','2015-09-08 18:56:05','1'),(667,'Vigabatrina',1,'2015-09-08 18:56:05','1','2015-09-08 18:56:05','1'),(668,'Lamotrigina',1,'2015-09-08 18:56:05','1','2015-09-08 18:56:05','1'),(669,'Metoxi-polietilenglicol eritropoyetina beta',1,'2015-09-08 18:56:05','1','2015-09-08 18:56:05','1'),(670,'Topiramato',1,'2015-09-08 18:56:05','1','2015-09-08 18:56:05','1'),(671,'Cromo',1,'2015-09-08 18:56:05','1','2015-09-08 18:56:05','1'),(672,'Manganeso',1,'2015-09-08 18:56:05','1','2015-09-08 18:56:05','1'),(673,'Zinc',1,'2015-09-08 18:56:05','1','2015-09-08 18:56:05','1'),(674,'Oligometales endovenosos.',1,'2015-09-08 18:56:05','1','2015-09-08 18:56:05','1'),(675,'Lípidos intravenosos (Lípidos de cadena larga al 20%; soya ó soya / cártamo)',1,'2015-09-08 18:56:05','1','2015-09-08 18:56:05','1'),(676,'Multivitaminas',1,'2015-09-08 18:56:05','1','2015-09-08 18:56:05','1'),(677,'Dieta polimérica sin fibra',1,'2015-09-08 18:56:05','1','2015-09-08 18:56:05','1'),(678,'Dieta polimérica con fibra',1,'2015-09-08 18:56:05','1','2015-09-08 18:56:05','1'),(679,'Aminoácidos enriquecidos con aminoácidos de cadena ramificada',1,'2015-09-08 18:56:05','1','2015-09-08 18:56:05','1'),(680,'Tiamina',1,'2015-09-08 18:56:05','1','2015-09-08 18:56:05','1'),(681,'Fórmula o Dieta Inmunorreguladora',1,'2015-09-08 18:56:05','1','2015-09-08 18:56:05','1'),(682,'Fórmula de inicio libre de fenilalanina',1,'2015-09-08 18:56:05','1','2015-09-08 18:56:05','1'),(683,'Fórmula de seguimiento libre de fenilalanina',1,'2015-09-08 18:56:05','1','2015-09-08 18:56:05','1'),(684,'Fórmula libre de fenilalanina para adolescente y adulto',1,'2015-09-08 18:56:05','1','2015-09-08 18:56:05','1'),(685,'Alimento médico para pacientes con trastorno del ciclo de la urea, recién nacido a 7 años 11 meses de edad',1,'2015-09-08 18:56:05','1','2015-09-08 18:56:05','1'),(686,'Alimento médico para pacientes con trastorno del ciclo de la urea, de 8 años o mayores y adultos',1,'2015-09-08 18:56:05','1','2015-09-08 18:56:05','1'),(687,'Alimento médico para pacientes con acidemia metilmalónica y propiónica, de recién nacidos a 7 años 11 meses de edad',1,'2015-09-08 18:56:05','1','2015-09-08 18:56:05','1'),(688,'Alimento médico para pacientes con acidemia metilmalónica y propiónica, de 8 años o mayores y adultos',1,'2015-09-08 18:56:05','1','2015-09-08 18:56:05','1'),(689,'Alimento médico para pacientes con enfermedad de orina de jarabe de maple (arce), de recién nacidos a 7 años 11 meses de edad',1,'2015-09-08 18:56:05','1','2015-09-08 18:56:05','1'),(690,'Alimento médico para pacientes con enfermedad de orina de jarabe de maple (arce), de 8 años o mayores y adultos',1,'2015-09-08 18:56:05','1','2015-09-08 18:56:05','1'),(691,'Alimento médico para pacientes con homocistinuria, recién nacidos a 7 años 11 meses de edad',1,'2015-09-08 18:56:05','1','2015-09-08 18:56:05','1'),(692,'Alimento médico para pacientes con homocistinuria, de 8 años o mayores y adultos',1,'2015-09-08 18:56:05','1','2015-09-08 18:56:05','1'),(693,'Alimento médico para menores de un año con acidemia isovalerica y otros trastornos del metabolismo de la leucina',1,'2015-09-08 18:56:05','1','2015-09-08 18:56:05','1'),(694,'Alimento médico para niños de 1 a 8 años con acidemia isovalerica y otros trastornos del metabolismo de la leucina',1,'2015-09-08 18:56:05','1','2015-09-08 18:56:05','1'),(695,'Alimento médico para niños de 8 años a adultos con acidemia isovalerica y otros trastornos del metabolismo de la leucina',1,'2015-09-08 18:56:05','1','2015-09-08 18:56:05','1'),(696,'Exemestano',1,'2015-09-08 18:56:05','1','2015-09-08 18:56:05','1'),(697,'Ciproterona',1,'2015-09-08 18:56:05','1','2015-09-08 18:56:05','1'),(698,'Lapatinib',1,'2015-09-08 18:56:05','1','2015-09-08 18:56:05','1'),(699,'Trastuzumab',1,'2015-09-08 18:56:05','1','2015-09-08 18:56:05','1'),(700,'Nilutamida',1,'2015-09-08 18:56:05','1','2015-09-08 18:56:05','1'),(701,'Raltitrexed',1,'2015-09-08 18:56:05','1','2015-09-08 18:56:05','1'),(702,'Flutamida',1,'2015-09-08 18:56:05','1','2015-09-08 18:56:05','1'),(703,'Tropisetrón',1,'2015-09-08 18:56:05','1','2015-09-08 18:56:05','1'),(704,'Molgramostim',1,'2015-09-08 18:56:05','1','2015-09-08 18:56:05','1'),(705,'Megestrol',1,'2015-09-08 18:56:05','1','2015-09-08 18:56:05','1'),(706,'Filgrastim',1,'2015-09-08 18:56:05','1','2015-09-08 18:56:05','1'),(707,'Rituximab',1,'2015-09-08 18:56:05','1','2015-09-08 18:56:05','1'),(708,'Paclitaxel',1,'2015-09-08 18:56:05','1','2015-09-08 18:56:05','1'),(709,'Docetaxel',1,'2015-09-08 18:56:05','1','2015-09-08 18:56:05','1'),(710,'Gemcitabina',1,'2015-09-08 18:56:05','1','2015-09-08 18:56:05','1'),(711,'Amifostina',1,'2015-09-08 18:56:05','1','2015-09-08 18:56:05','1'),(712,'Bicalutamida',1,'2015-09-08 18:56:05','1','2015-09-08 18:56:05','1'),(713,'Estramustina',1,'2015-09-08 18:56:05','1','2015-09-08 18:56:05','1'),(714,'Irinotecan',1,'2015-09-08 18:56:05','1','2015-09-08 18:56:05','1'),(715,'Tegafur - Uracilo',1,'2015-09-08 18:56:05','1','2015-09-08 18:56:05','1'),(716,'Mecloretamina',1,'2015-09-08 18:56:05','1','2015-09-08 18:56:05','1'),(717,'Anastrozol',1,'2015-09-08 18:56:05','1','2015-09-08 18:56:05','1'),(718,'Cinarizina',1,'2015-09-08 18:56:05','1','2015-09-08 18:56:05','1'),(719,'Pegfilgrastim',1,'2015-09-08 18:56:05','1','2015-09-08 18:56:05','1'),(720,'Pemetrexed',1,'2015-09-08 18:56:05','1','2015-09-08 18:56:05','1'),(721,'Tietilperazina',1,'2015-09-08 18:56:05','1','2015-09-08 18:56:05','1'),(722,'Fludarabina',1,'2015-09-08 18:56:05','1','2015-09-08 18:56:05','1'),(723,'Oxaliplatino',1,'2015-09-08 18:56:05','1','2015-09-08 18:56:05','1'),(724,'Capecitabina',1,'2015-09-08 18:56:05','1','2015-09-08 18:56:05','1'),(725,'Buserelina',1,'2015-09-08 18:56:05','1','2015-09-08 18:56:05','1'),(726,'Temozolomida',1,'2015-09-08 18:56:05','1','2015-09-08 18:56:05','1'),(727,'Cultivo BCG',1,'2015-09-08 18:56:05','1','2015-09-08 18:56:05','1'),(728,'Ácido zoledrónico',1,'2015-09-08 18:56:05','1','2015-09-08 18:56:05','1'),(729,'Clodronato disódico',1,'2015-09-08 18:56:05','1','2015-09-08 18:56:05','1'),(730,'Gefitinib',1,'2015-09-08 18:56:05','1','2015-09-08 18:56:05','1'),(731,'Bevacizumab',1,'2015-09-08 18:56:05','1','2015-09-08 18:56:05','1'),(732,'Erlotinib',1,'2015-09-08 18:56:05','1','2015-09-08 18:56:05','1'),(733,'Cetuximab',1,'2015-09-08 18:56:05','1','2015-09-08 18:56:05','1'),(734,'Levomepromazina',1,'2015-09-08 18:56:05','1','2015-09-08 18:56:05','1'),(735,'Sorafenib',1,'2015-09-08 18:56:05','1','2015-09-08 18:56:05','1'),(736,'Paroxetina',1,'2015-09-08 18:56:05','1','2015-09-08 18:56:05','1'),(737,'Sunitinib',1,'2015-09-08 18:56:05','1','2015-09-08 18:56:05','1'),(738,'Zuclopentixol',1,'2015-09-08 18:56:05','1','2015-09-08 18:56:05','1'),(739,'Citalopram',1,'2015-09-08 18:56:05','1','2015-09-08 18:56:05','1'),(740,'Quetiapina',1,'2015-09-08 18:56:05','1','2015-09-08 18:56:05','1'),(741,'Mirtazapina',1,'2015-09-08 18:56:05','1','2015-09-08 18:56:05','1'),(742,'Hidralazina, valproato de magnesio',1,'2015-09-08 18:56:05','1','2015-09-08 18:56:05','1'),(743,'Levamisol',1,'2015-09-08 18:56:05','1','2015-09-08 18:56:05','1'),(744,'Sulindaco',1,'2015-09-08 18:56:05','1','2015-09-08 18:56:05','1'),(745,'Celecoxib',1,'2015-09-08 18:56:05','1','2015-09-08 18:56:05','1'),(746,'Letrozol',1,'2015-09-08 18:56:05','1','2015-09-08 18:56:05','1'),(747,'Galsulfasa',1,'2015-09-08 18:56:05','1','2015-09-08 18:56:05','1'),(748,'Rivaroxabán',1,'2015-09-08 18:56:05','1','2015-09-08 18:56:05','1'),(749,'Imiglucerasa',1,'2015-09-08 18:56:05','1','2015-09-08 18:56:05','1'),(750,'Agalsidasa beta',1,'2015-09-08 18:56:05','1','2015-09-08 18:56:05','1'),(751,'Laronidasa',1,'2015-09-08 18:56:05','1','2015-09-08 18:56:05','1'),(752,'Alglucosidasa alfa',1,'2015-09-08 18:56:05','1','2015-09-08 18:56:05','1'),(753,'Agalsidasa alfa',1,'2015-09-08 18:56:05','1','2015-09-08 18:56:05','1'),(754,'Idursulfasa',1,'2015-09-08 18:56:05','1','2015-09-08 18:56:05','1'),(755,'Dabigatrán etexilato',1,'2015-09-08 18:56:05','1','2015-09-08 18:56:05','1'),(756,'Bosentan',1,'2015-09-08 18:56:05','1','2015-09-08 18:56:05','1'),(757,'Prasugrel',1,'2015-09-08 18:56:05','1','2015-09-08 18:56:05','1'),(758,'Lanreotido',1,'2015-09-08 18:56:05','1','2015-09-08 18:56:05','1'),(759,'Velaglucerasa alfa',1,'2015-09-08 18:56:05','1','2015-09-08 18:56:05','1'),(760,'Lenalidomida',1,'2015-09-08 18:56:05','1','2015-09-08 18:56:05','1'),(761,'Vildagliptina',1,'2015-09-08 18:56:05','1','2015-09-08 18:56:05','1'),(762,'Linagliptina',1,'2015-09-08 18:56:05','1','2015-09-08 18:56:05','1'),(763,'Darbepoetina alfa',1,'2015-09-08 18:56:05','1','2015-09-08 18:56:05','1'),(764,'Clopidogrel, ácido acetilsalicílico',1,'2015-09-08 18:56:05','1','2015-09-08 18:56:05','1'),(765,'Dexlansoprazol',1,'2015-09-08 18:56:05','1','2015-09-08 18:56:05','1'),(766,'Eltrombopag',1,'2015-09-08 18:56:05','1','2015-09-08 18:56:05','1'),(767,'Factor VIII antihemofílico humano, factor de Von Willebrand',1,'2015-09-08 18:56:05','1','2015-09-08 18:56:05','1'),(768,'Efavirenz, emtricitabina, tenofovir fumarato de disoproxilo',1,'2015-09-08 18:56:05','1','2015-09-08 18:56:05','1'),(769,'Mifamurtida',1,'2015-09-08 18:56:05','1','2015-09-08 18:56:05','1'),(770,'Everolimus',1,'2015-09-08 18:56:06','1','2015-09-08 18:56:06','1'),(771,'Lacosamida',1,'2015-09-08 18:56:06','1','2015-09-08 18:56:06','1'),(772,'Rasagilina',1,'2015-09-08 18:56:06','1','2015-09-08 18:56:06','1'),(773,'Anidulafungina',1,'2015-09-08 18:56:06','1','2015-09-08 18:56:06','1'),(774,'Vacuna antineumocóccica',1,'2015-09-08 18:56:06','1','2015-09-08 18:56:06','1'),(775,'Vacuna conjugada neumococica 13-valente',1,'2015-09-08 18:56:06','1','2015-09-08 18:56:06','1'),(776,'Vacuna contra rotavirus',1,'2015-09-08 18:56:06','1','2015-09-08 18:56:06','1'),(777,'Vacuna Pentavalente contra rotavirus',1,'2015-09-08 18:56:06','1','2015-09-08 18:56:06','1'),(778,'Vacuna antirrubéola',1,'2015-09-08 18:56:06','1','2015-09-08 18:56:06','1'),(779,'Vacuna  Antihaemophilus Influenzae tipo b y DPT',1,'2015-09-08 18:56:06','1','2015-09-08 18:56:06','1'),(780,'Vacuna recombinante contra Hepatitis B',1,'2015-09-08 18:56:06','1','2015-09-08 18:56:06','1'),(781,'Vacuna acelular antipertussis, con toxoides diftérico y tetánico adsorbidos, con vacuna antipoliomielítica inactivada y con vacuna conjugada de Haemophilus influenzae tipo b',1,'2015-09-08 18:56:06','1','2015-09-08 18:56:06','1'),(782,'Vacuna recombinante contra la Hepatitis B',1,'2015-09-08 18:56:06','1','2015-09-08 18:56:06','1'),(783,'Inmunoglobulina antihepatitis B',1,'2015-09-08 18:56:06','1','2015-09-08 18:56:06','1'),(784,'Vacuna doble viral (SR) contra sarampión y rubeóla',1,'2015-09-08 18:56:06','1','2015-09-08 18:56:06','1'),(785,'Vacuna BCG',1,'2015-09-08 18:56:06','1','2015-09-08 18:56:06','1'),(786,'Vacuna antipoliomielítica Oral Trivalente tipo Sabin',1,'2015-09-08 18:56:06','1','2015-09-08 18:56:06','1'),(787,'Vacuna antipoliomielítica inactivada',1,'2015-09-08 18:56:06','1','2015-09-08 18:56:06','1'),(788,'Vacuna antipertussis con toxoides diftérico y tetánico (DPT)',1,'2015-09-08 18:56:06','1','2015-09-08 18:56:06','1'),(789,'Vacuna antitifoídica inactivada',1,'2015-09-08 18:56:06','1','2015-09-08 18:56:06','1'),(790,'Vacuna de refuerzo contra difteria, tetanos y tosferina acelular (Tdpa)',1,'2015-09-08 18:56:06','1','2015-09-08 18:56:06','1'),(791,'Toxoides tetánico y diftérico (Td)',1,'2015-09-08 18:56:06','1','2015-09-08 18:56:06','1'),(792,'Vacuna antisarampión',1,'2015-09-08 18:56:06','1','2015-09-08 18:56:06','1'),(793,'Vacuna conjugada antihaemophilus influenzae tipo b',1,'2015-09-08 18:56:06','1','2015-09-08 18:56:06','1'),(794,'Vacuna antirrábica',1,'2015-09-08 18:56:06','1','2015-09-08 18:56:06','1'),(795,'Vacuna atenuada contra varicela',1,'2015-09-08 18:56:06','1','2015-09-08 18:56:06','1'),(796,'Vacuna triple viral (SRP) contra sarampión, rubéola y  parotiditis',1,'2015-09-08 18:56:06','1','2015-09-08 18:56:06','1'),(797,'Vacuna triple viral (SRP) contra sarampión, rubéola y parotiditis',1,'2015-09-08 18:56:06','1','2015-09-08 18:56:06','1'),(798,'Vacuna antiinfluenza',1,'2015-09-08 18:56:06','1','2015-09-08 18:56:06','1'),(799,'Vacuna pentavalente contra difteria, tos ferina, tétanos, hepatitis B, e infecciones invasivas por Haemophilus influenzae tipo b (DPT+HB+Hib)',1,'2015-09-08 18:56:06','1','2015-09-08 18:56:06','1'),(800,'Vacuna contra la Hepatitis A',1,'2015-09-08 18:56:06','1','2015-09-08 18:56:06','1'),(801,'Vacuna contra difteria, tos ferina, tetanos, hepatitis B, poliomielitis y Haemophilus influenzae tipo b',1,'2015-09-08 18:56:06','1','2015-09-08 18:56:06','1'),(802,'Inmunoglobulina humana hiperinmune antitetánica',1,'2015-09-08 18:56:06','1','2015-09-08 18:56:06','1'),(803,'Inmunoglobulina humana normal',1,'2015-09-08 18:56:06','1','2015-09-08 18:56:06','1'),(804,'Inmunoglobulina humana antirrábica',1,'2015-09-08 18:56:06','1','2015-09-08 18:56:06','1'),(805,'Antitoxina diftérica equina',1,'2015-09-08 18:56:06','1','2015-09-08 18:56:06','1'),(806,'Suero antialacrán',1,'2015-09-08 18:56:06','1','2015-09-08 18:56:06','1'),(807,'Suero antiviperino',1,'2015-09-08 18:56:06','1','2015-09-08 18:56:06','1'),(808,'Suero antirrábico equino',1,'2015-09-08 18:56:06','1','2015-09-08 18:56:06','1'),(809,'Antitoxina tetánica equina',1,'2015-09-08 18:56:06','1','2015-09-08 18:56:06','1'),(810,'Faboterápico polivalente antialacrán',1,'2015-09-08 18:56:06','1','2015-09-08 18:56:06','1'),(811,'Faboterápico polivalente antiarácnido',1,'2015-09-08 18:56:06','1','2015-09-08 18:56:06','1'),(812,'Faboterápico polivalente antiviperino',1,'2015-09-08 18:56:06','1','2015-09-08 18:56:06','1'),(813,'Faboterápico polivalente anticoralillo',1,'2015-09-08 18:56:06','1','2015-09-08 18:56:06','1'),(814,'Vacuna contra el virus del papiloma humano',1,'2015-09-08 18:56:06','1','2015-09-08 18:56:06','1'),(815,'Sucedáneo de leche humana de pretérmino',1,'2015-09-08 18:56:06','1','2015-09-08 18:56:06','1'),(816,'Sucedáneo de leche humana de término',1,'2015-09-08 18:56:06','1','2015-09-08 18:56:06','1'),(817,'Sucedáneo de leche humana de término sin lactosa',1,'2015-09-08 18:56:06','1','2015-09-08 18:56:06','1'),(818,'Fórmula de proteína extensamente hidrolizada',1,'2015-09-08 18:56:06','1','2015-09-08 18:56:06','1'),(819,'Fórmula de seguimiento o continuación con o sin probióticos',1,'2015-09-08 18:56:06','1','2015-09-08 18:56:06','1'),(820,'Fórmula de proteína aislada de soya',1,'2015-09-08 18:56:06','1','2015-09-08 18:56:06','1'),(821,'D-Biotina',1,'2015-09-08 18:56:06','1','2015-09-08 18:56:06','1'),(822,'Fórmula de proteína extensamente hidrolizada con triglicéridos de cadena media',1,'2015-09-08 18:56:06','1','2015-09-08 18:56:06','1'),(823,'Fórmula de proteína a base de aminoácidos',1,'2015-09-08 18:56:06','1','2015-09-08 18:56:06','1'),(824,'Dextropropoxifeno',1,'2015-09-08 18:56:06','1','2015-09-08 18:56:06','1'),(825,'Nalbufina',1,'2015-09-08 18:56:06','1','2015-09-08 18:56:06','1'),(826,'Diazepam',1,'2015-09-08 18:56:06','1','2015-09-08 18:56:06','1'),(827,'Flunitrazepam',1,'2015-09-08 18:56:06','1','2015-09-08 18:56:06','1'),(828,'Tiopental sódico',1,'2015-09-08 18:56:06','1','2015-09-08 18:56:06','1'),(829,'Ketamina',1,'2015-09-08 18:56:06','1','2015-09-08 18:56:06','1'),(830,'Fentanilo',1,'2015-09-08 18:56:06','1','2015-09-08 18:56:06','1'),(831,'Etomidato',1,'2015-09-08 18:56:06','1','2015-09-08 18:56:06','1'),(832,'Remifentanilo',1,'2015-09-08 18:56:06','1','2015-09-08 18:56:06','1'),(833,'Hidroxizina',1,'2015-09-08 18:56:06','1','2015-09-08 18:56:06','1'),(834,'Ergometrina (ergonovina)',1,'2015-09-08 18:56:06','1','2015-09-08 18:56:06','1'),(835,'Metenolona',1,'2015-09-08 18:56:06','1','2015-09-08 18:56:06','1'),(836,'Tramadol-paracetamol',1,'2015-09-08 18:56:06','1','2015-09-08 18:56:06','1'),(837,'Buprenorfina',1,'2015-09-08 18:56:06','1','2015-09-08 18:56:06','1'),(838,'Sulfato de Morfina',1,'2015-09-08 18:56:06','1','2016-03-17 11:20:23','1'),(839,'Tramadol',1,'2015-09-08 18:56:06','1','2015-09-08 18:56:06','1'),(840,'Efedrina',1,'2015-09-08 18:56:06','1','2015-09-08 18:56:06','1'),(841,'Midazolam',1,'2015-09-08 18:56:06','1','2015-09-08 18:56:06','1'),(842,'Hidromorfona',1,'2015-09-08 18:56:06','1','2015-09-08 18:56:06','1'),(843,'Codeína con efedrina',1,'2015-09-08 18:56:06','1','2015-09-08 18:56:06','1'),(844,'Carbamazepina',1,'2015-09-08 18:56:06','1','2015-09-08 18:56:06','1'),(845,'Clobazam',1,'2015-09-08 18:56:06','1','2015-09-08 18:56:06','1'),(846,'Alprazolam',1,'2015-09-08 18:56:06','1','2015-09-08 18:56:06','1'),(847,'Fenobarbital',1,'2015-09-08 18:56:06','1','2015-09-08 18:56:06','1'),(848,'Clonazepam',1,'2015-09-08 18:56:06','1','2015-09-08 18:56:06','1'),(849,'Trihexifenidilo',1,'2015-09-08 18:56:06','1','2015-09-08 18:56:06','1'),(850,'Biperideno',1,'2015-09-08 18:56:06','1','2015-09-08 18:56:06','1'),(851,'Levodopa y carbidopa',1,'2015-09-08 18:56:06','1','2015-09-08 18:56:06','1'),(852,'Ergotamina y cafeína',1,'2015-09-08 18:56:06','1','2015-09-08 18:56:06','1'),(853,'Ciclopentolato',1,'2015-09-08 18:56:06','1','2015-09-08 18:56:06','1'),(854,'Triazolam',1,'2015-09-08 18:56:06','1','2015-09-08 18:56:06','1'),(855,'Clorodiazepóxido',1,'2015-09-08 18:56:06','1','2015-09-08 18:56:06','1'),(856,'Trifluoperazina',1,'2015-09-08 18:56:06','1','2015-09-08 18:56:06','1'),(857,'Perfenazina',1,'2015-09-08 18:56:06','1','2015-09-08 18:56:06','1'),(858,'Haloperidol',1,'2015-09-08 18:56:06','1','2015-09-08 18:56:06','1'),(859,'Litio',1,'2015-09-08 18:56:06','1','2015-09-08 18:56:06','1'),(860,'Risperidona',1,'2015-09-08 18:56:06','1','2015-09-08 18:56:06','1'),(861,'Clozapina',1,'2015-09-08 18:56:06','1','2015-09-08 18:56:06','1'),(862,'Imipramina',1,'2015-09-08 18:56:06','1','2015-09-08 18:56:06','1'),(863,'Amitriptilina',1,'2015-09-08 18:56:06','1','2015-09-08 18:56:06','1'),(864,'Oxicodona',1,'2015-09-08 18:56:06','1','2015-09-08 18:56:06','1'),(865,'Flumazenil',1,'2015-09-08 18:56:06','1','2015-09-08 18:56:06','1'),(866,'Isotretinoína',1,'2015-09-08 18:56:06','1','2015-09-08 18:56:06','1'),(867,'Metilfenidato',1,'2015-09-08 18:56:06','1','2015-09-08 18:56:06','1'),(868,'Bromazepam',1,'2015-09-08 18:56:06','1','2015-09-08 18:56:06','1'),(869,'Sertralina',1,'2015-09-08 18:56:06','1','2015-09-08 18:56:06','1'),(870,'Anfebutamona',1,'2015-09-08 18:56:06','1','2015-09-08 18:56:06','1'),(871,'Lorazepam',1,'2015-09-08 18:56:06','1','2015-09-08 18:56:06','1'),(872,'Alprostadil',1,'2015-09-08 18:56:06','1','2015-09-08 18:56:06','1'),(873,'Azilsartán medoxomilo',1,'2015-09-08 18:56:06','1','2015-09-08 18:56:06','1'),(874,'Rifaximina',1,'2015-09-08 18:56:06','1','2015-09-08 18:56:06','1'),(875,'Panitumumab',1,'2015-09-08 18:56:06','1','2015-09-08 18:56:06','1'),(876,'Romiplostin',1,'2015-09-08 18:56:06','1','2015-09-08 18:56:06','1'),(877,'Calcipotriol betametasona',1,'2015-09-08 18:56:06','1','2015-09-08 18:56:06','1'),(878,'Ustekinumab',1,'2015-09-08 18:56:06','1','2015-09-08 18:56:06','1'),(879,'Inmunoglobulina humana normal subcutánea',1,'2015-09-08 18:56:06','1','2015-09-08 18:56:06','1'),(880,'Eritropoyetina humana recombinante',1,'2015-09-08 18:56:06','1','2015-09-08 18:56:06','1'),(881,'Saxagliptina',1,'2015-09-08 18:56:06','1','2015-09-08 18:56:06','1'),(882,'Inmunoglobulina humana',1,'2015-09-08 18:56:06','1','2015-09-08 18:56:06','1'),(883,'Boceprevir',1,'2015-09-08 18:56:06','1','2015-09-08 18:56:06','1'),(884,'Vildagliptina/ metformina',1,'2015-09-08 18:56:06','1','2015-09-08 18:56:06','1'),(885,'Pazopanib',1,'2015-09-08 18:56:06','1','2015-09-08 18:56:06','1'),(886,'Paliperidona',1,'2015-09-08 18:56:06','1','2015-09-08 18:56:06','1'),(887,'Etoricoxib',1,'2015-09-08 18:56:06','1','2015-09-08 18:56:06','1'),(888,'Denosumab',1,'2015-09-08 18:56:06','1','2015-09-08 18:56:06','1'),(889,'Bemiparina',1,'2015-09-08 18:56:06','1','2015-09-08 18:56:06','1'),(890,'Factor VIII de la coagulación sanguínea humano/factor de von willebrand',1,'2015-09-08 18:56:06','1','2015-09-08 18:56:06','1'),(891,'Abatacept',1,'2015-09-08 18:56:06','1','2015-09-08 18:56:06','1'),(892,'Sitagliptina metformina',1,'2015-09-08 18:56:06','1','2015-09-08 18:56:06','1'),(893,'Linagliptina/Metformina',1,'2015-09-08 18:56:06','1','2015-09-08 18:56:06','1'),(894,'Liraglutide',1,'2015-09-08 18:56:06','1','2015-09-08 18:56:06','1'),(895,'Lixisenatida',1,'2015-09-08 18:56:06','1','2015-09-08 18:56:06','1'),(896,'Taliglucerasa Alfa',1,'2015-09-08 18:56:06','1','2015-09-08 18:56:06','1'),(897,'Apixabán',1,'2015-09-08 18:56:06','1','2015-09-08 18:56:06','1'),(898,'Moroctocog alfa',1,'2015-09-08 18:56:06','1','2015-09-08 18:56:06','1'),(899,'Abiraterona',1,'2015-09-08 18:56:06','1','2015-09-08 18:56:06','1'),(900,'Cabazitaxel',1,'2015-09-08 18:56:06','1','2015-09-08 18:56:06','1'),(901,'Crizotinib',1,'2015-09-08 18:56:06','1','2015-09-08 18:56:06','1'),(902,'Certiluzumab pegol',1,'2015-09-08 18:56:06','1','2015-09-08 18:56:06','1'),(903,'Solucíon  Hartmann',1,'2015-09-08 18:56:06','1','2015-09-08 18:56:06','1'),(904,'Amlodipino/Valsartán/hidrocloriatazida',1,'2015-09-08 18:56:06','1','2015-09-08 18:56:06','1'),(905,'Fulvestrant',1,'2015-09-08 18:56:06','1','2015-09-08 18:56:06','1'),(906,'Indacaterol',1,'2015-09-08 18:56:06','1','2015-09-08 18:56:06','1'),(907,'Irbesartán/Amlodipino ',1,'2015-09-08 18:56:06','1','2015-09-08 18:56:06','1'),(908,'Ibersartán/ Amlodipino',1,'2015-09-08 18:56:06','1','2015-09-08 18:56:06','1'),(909,'Terbinafina',1,'2015-09-08 18:56:06','1','2015-09-08 18:56:06','1'),(910,'Octocog alfa( factor VIII de la coagulación sanguínea humana recombinante ADNr',1,'2015-09-08 18:56:06','1','2015-09-08 18:56:06','1'),(911,'Nitisinona',1,'2015-09-08 18:56:06','1','2015-09-08 18:56:06','1'),(912,'Amlodipino, valsartán,hidrocloriazida',1,'2015-09-08 18:56:06','1','2015-09-08 18:56:06','1'),(913,'Vacuna  B.C.G.',1,'2015-09-08 18:56:06','1','2015-09-08 18:56:06','1'),(914,'Vacuna B.C.G',1,'2015-09-08 18:56:06','1','2015-09-08 18:56:06','1'),(915,'Octocog alfa( factor VIII de la cuagulación sanguinea humana recombinante ADNr',1,'2015-09-08 18:56:06','1','2015-09-08 18:56:06','1'),(916,'Iloprost',1,'2015-09-08 18:56:06','1','2015-09-08 18:56:06','1'),(917,'Azacitidina',1,'2015-09-08 18:56:06','1','2015-09-08 18:56:06','1'),(918,'Nutricióm parenteral',1,'2015-09-08 18:56:06','1','2015-09-08 18:56:06','1'),(919,'Bitartrato de Cinitaprida',1,'2015-09-10 18:50:35','1','2015-09-10 18:50:35','1'),(920,'Ibuprofeno',1,'2015-10-12 17:51:52','1','2015-10-12 17:51:52','1'),(921,'Caolín - Pectina',1,'2015-10-12 17:54:24','1','2015-10-12 17:54:24','1'),(1920,'Losartán potásico',1,'2015-10-19 17:22:03','1','2015-10-19 17:22:03','1'),(1921,'Losartan Potásico',1,'2015-10-19 17:22:42','1','2015-10-19 17:22:42','1'),(1922,'NA',1,'2017-01-04 00:00:00','1','2017-01-04 00:00:00','1'),(1923,'NA',1,'2017-01-04 00:00:00','1','2017-01-04 00:00:00','1'),(1924,'NA',1,'2017-01-04 00:00:00','1','2017-01-04 00:00:00','1');
/*!40000 ALTER TABLE `sustanciaactiva` ENABLE KEYS */;
UNLOCK TABLES;


INSERT INTO `transacciones` VALUES (uuid(),'Medicamentos','Catálogo de Medicamentos','/secure/administracion/medicamentos.xhtml','MEDICIN',1,now(),'CA952C2E-4D0D-11E7-802B-A434D9558D85',NULL,NULL,'54E19EA8-5A90-11E7-B120-A434D9558D85');

set @IDTX = (Select IDTRANSACCION from transacciones where NOMBRE='Medicamentos');

INSERT INTO `transaccionacciones` VALUES 
('50640EA0-4D0E-11E7-802B-A434D9558D85',@IDTX,'000BEBFD-4D16-11E7-802B-A434D9558D85',now(),'CA952C2E-4D0D-11E7-802B-A434D9558D85',NULL,NULL),
('50640EA0-4D0E-11E7-802B-A434D9558D85',@IDTX,'000C0030-4D16-11E7-802B-A434D9558D85',now(),'CA952C2E-4D0D-11E7-802B-A434D9558D85',NULL,NULL),
('50640EA0-4D0E-11E7-802B-A434D9558D85',@IDTX,'000C0245-4D16-11E7-802B-A434D9558D85',now(),'CA952C2E-4D0D-11E7-802B-A434D9558D85',NULL,NULL),
('50640EA0-4D0E-11E7-802B-A434D9558D85',@IDTX,'000C0359-4D16-11E7-802B-A434D9558D85',now(),'CA952C2E-4D0D-11E7-802B-A434D9558D85',NULL,NULL),
('50640EA0-4D0E-11E7-802B-A434D9558D85',@IDTX,'000C0456-4D16-11E7-802B-A434D9558D85',now(),'CA952C2E-4D0D-11E7-802B-A434D9558D85',NULL,NULL),
('50640EA0-4D0E-11E7-802B-A434D9558D85',@IDTX,'000C0557-4D16-11E7-802B-A434D9558D85',now(),'CA952C2E-4D0D-11E7-802B-A434D9558D85',NULL,NULL);

--
-- Dumping routines for database 'unidosis'
--
/*!40103 SET TIME_ZONE=@OLD_TIME_ZONE */;

/*!40101 SET SQL_MODE=@OLD_SQL_MODE */;
/*!40014 SET FOREIGN_KEY_CHECKS=@OLD_FOREIGN_KEY_CHECKS */;
/*!40014 SET UNIQUE_CHECKS=@OLD_UNIQUE_CHECKS */;
/*!40101 SET CHARACTER_SET_CLIENT=@OLD_CHARACTER_SET_CLIENT */;
/*!40101 SET CHARACTER_SET_RESULTS=@OLD_CHARACTER_SET_RESULTS */;
/*!40101 SET COLLATION_CONNECTION=@OLD_COLLATION_CONNECTION */;
/*!40111 SET SQL_NOTES=@OLD_SQL_NOTES */;

-- Dump completed on 2017-06-27 12:00:28
